Datetime,energy_total_east,Datetime,dayofweek
2013-06-01,96866.21739130435,2013-06-01,5
2013-06-02,89456.625,2013-06-02,6
2013-06-03,90663.33333333333,2013-06-03,0
2013-06-04,85008.75,2013-06-04,1
2013-06-05,85768.625,2013-06-05,2
2013-06-06,85048.25,2013-06-06,3
2013-06-07,83542.83333333333,2013-06-07,4
2013-06-08,77794.625,2013-06-08,5
2013-06-09,80403.25,2013-06-09,6
2013-06-10,91906.33333333333,2013-06-10,0
2013-06-11,95946.95833333333,2013-06-11,1
2013-06-12,101021.58333333333,2013-06-12,2
2013-06-13,94967.45833333333,2013-06-13,3
2013-06-14,85448.54166666667,2013-06-14,4
2013-06-15,81263.125,2013-06-15,5
2013-06-16,83107.75,2013-06-16,6
2013-06-17,100971.54166666667,2013-06-17,0
2013-06-18,94098.08333333333,2013-06-18,1
2013-06-19,89338.875,2013-06-19,2
2013-06-20,92619.16666666667,2013-06-20,3
2013-06-21,95155.45833333333,2013-06-21,4
2013-06-22,93208.41666666667,2013-06-22,5
2013-06-23,96180.83333333333,2013-06-23,6
2013-06-24,110356.125,2013-06-24,0
2013-06-25,112005.58333333333,2013-06-25,1
2013-06-26,108535.08333333333,2013-06-26,2
2013-06-27,106779.25,2013-06-27,3
2013-06-28,104091.75,2013-06-28,4
2013-06-29,91381.66666666667,2013-06-29,5
2013-06-30,89580.70833333333,2013-06-30,6
2013-07-01,96241.91666666667,2013-07-01,0
2013-07-02,98025.0,2013-07-02,1
2013-07-03,100266.75,2013-07-03,2
2013-07-04,94910.75,2013-07-04,3
2013-07-05,102744.66666666667,2013-07-05,4
2013-07-06,103204.33333333333,2013-07-06,5
2013-07-07,101856.91666666667,2013-07-07,6
2013-07-08,109186.58333333333,2013-07-08,0
2013-07-09,111502.29166666667,2013-07-09,1
2013-07-10,112793.70833333333,2013-07-10,2
2013-07-11,104580.58333333333,2013-07-11,3
2013-07-12,95667.20833333333,2013-07-12,4
2013-07-13,94467.58333333333,2013-07-13,5
2013-07-14,103925.54166666667,2013-07-14,6
2013-07-15,121614.58333333333,2013-07-15,0
2013-07-16,125642.95833333333,2013-07-16,1
2013-07-17,127293.41666666667,2013-07-17,2
2013-07-18,131015.29166666667,2013-07-18,3
2013-07-19,131190.29166666666,2013-07-19,4
2013-07-20,113430.125,2013-07-20,5
2013-07-21,103393.25,2013-07-21,6
2013-07-22,110485.125,2013-07-22,0
2013-07-23,110716.875,2013-07-23,1
2013-07-24,100613.91666666667,2013-07-24,2
2013-07-25,91063.83333333333,2013-07-25,3
2013-07-26,93166.33333333333,2013-07-26,4
2013-07-27,86566.66666666667,2013-07-27,5
2013-07-28,83388.75,2013-07-28,6
2013-07-29,93036.33333333333,2013-07-29,0
2013-07-30,93137.08333333333,2013-07-30,1
2013-07-31,93800.54166666667,2013-07-31,2
2013-08-01,95712.54166666667,2013-08-01,3
2013-08-02,96483.625,2013-08-02,4
2013-08-03,87235.75,2013-08-03,5
2013-08-04,81791.375,2013-08-04,6
2013-08-05,88850.16666666667,2013-08-05,0
2013-08-06,92533.45833333333,2013-08-06,1
2013-08-07,99603.20833333333,2013-08-07,2
2013-08-08,103619.70833333333,2013-08-08,3
2013-08-09,105797.08333333333,2013-08-09,4
2013-08-10,94896.91666666667,2013-08-10,5
2013-08-11,90057.5,2013-08-11,6
2013-08-12,104101.45833333333,2013-08-12,0
2013-08-13,100113.625,2013-08-13,1
2013-08-14,86944.33333333333,2013-08-14,2
2013-08-15,84935.375,2013-08-15,3
2013-08-16,86240.75,2013-08-16,4
2013-08-17,81080.83333333333,2013-08-17,5
2013-08-18,79332.33333333333,2013-08-18,6
2013-08-19,92257.91666666667,2013-08-19,0
2013-08-20,101300.375,2013-08-20,1
2013-08-21,106508.5,2013-08-21,2
2013-08-22,105238.83333333333,2013-08-22,3
2013-08-23,97841.79166666667,2013-08-23,4
2013-08-24,86543.20833333333,2013-08-24,5
2013-08-25,86061.95833333333,2013-08-25,6
2013-08-26,101581.04166666667,2013-08-26,0
2013-08-27,111222.91666666667,2013-08-27,1
2013-08-28,108278.0,2013-08-28,2
2013-08-29,107014.45833333333,2013-08-29,3
2013-08-30,107034.625,2013-08-30,4
2013-08-31,98593.25,2013-08-31,5
2013-09-01,96057.125,2013-09-01,6
2013-09-02,95907.91666666667,2013-09-02,0
2013-09-03,96701.5,2013-09-03,1
2013-09-04,92699.875,2013-09-04,2
2013-09-05,92912.66666666667,2013-09-05,3
2013-09-06,86744.16666666667,2013-09-06,4
2013-09-07,82052.20833333333,2013-09-07,5
2013-09-08,86206.04166666667,2013-09-08,6
2013-09-09,96547.0,2013-09-09,0
2013-09-10,112807.125,2013-09-10,1
2013-09-11,116914.33333333333,2013-09-11,2
2013-09-12,106803.20833333333,2013-09-12,3
2013-09-13,87928.125,2013-09-13,4
2013-09-14,72531.54166666667,2013-09-14,5
2013-09-15,70785.0,2013-09-15,6
2013-09-16,81714.91666666667,2013-09-16,0
2013-09-17,80321.45833333333,2013-09-17,1
2013-09-18,81662.625,2013-09-18,2
2013-09-19,86017.29166666667,2013-09-19,3
2013-09-20,88155.54166666667,2013-09-20,4
2013-09-21,77244.58333333333,2013-09-21,5
2013-09-22,71451.875,2013-09-22,6
2013-09-23,78491.91666666667,2013-09-23,0
2013-09-24,79992.125,2013-09-24,1
2013-09-25,80456.33333333333,2013-09-25,2
2013-09-26,81691.45833333333,2013-09-26,3
2013-09-27,80643.16666666667,2013-09-27,4
2013-09-28,73663.0,2013-09-28,5
2013-09-29,70003.83333333333,2013-09-29,6
2013-09-30,80568.08333333333,2013-09-30,0
2013-10-01,84013.08333333333,2013-10-01,1
2013-10-02,87770.16666666667,2013-10-02,2
2013-10-03,88962.20833333333,2013-10-03,3
2013-10-04,91188.5,2013-10-04,4
2013-10-05,85508.5,2013-10-05,5
2013-10-06,81483.41666666667,2013-10-06,6
2013-10-07,84176.66666666667,2013-10-07,0
2013-10-08,79179.54166666667,2013-10-08,1
2013-10-09,79118.29166666667,2013-10-09,2
2013-10-10,80252.20833333333,2013-10-10,3
2013-10-11,79846.41666666667,2013-10-11,4
2013-10-12,72632.54166666667,2013-10-12,5
2013-10-13,69893.54166666667,2013-10-13,6
2013-10-14,78381.5,2013-10-14,0
2013-10-15,80138.5,2013-10-15,1
2013-10-16,80504.83333333333,2013-10-16,2
2013-10-17,81495.25,2013-10-17,3
2013-10-18,78950.08333333333,2013-10-18,4
2013-10-19,73044.25,2013-10-19,5
2013-10-20,71079.54166666667,2013-10-20,6
2013-10-21,80701.04166666667,2013-10-21,0
2013-10-22,81548.83333333333,2013-10-22,1
2013-10-23,84058.70833333333,2013-10-23,2
2013-10-24,86761.125,2013-10-24,3
2013-10-25,86765.16666666667,2013-10-25,4
2013-10-26,80511.5,2013-10-26,5
2013-10-27,74580.875,2013-10-27,6
2013-10-28,83988.875,2013-10-28,0
2013-10-29,83177.95833333333,2013-10-29,1
2013-10-30,82627.29166666667,2013-10-30,2
2013-10-31,81441.41666666667,2013-10-31,3
2013-11-01,79611.29166666667,2013-11-01,4
2013-11-02,73235.58333333333,2013-11-02,5
2013-11-03,75235.95652173914,2013-11-03,6
2013-11-04,87565.66666666667,2013-11-04,0
2013-11-05,85970.29166666667,2013-11-05,1
2013-11-06,82918.33333333333,2013-11-06,2
2013-11-07,83604.375,2013-11-07,3
2013-11-08,87287.04166666667,2013-11-08,4
2013-11-09,81392.83333333333,2013-11-09,5
2013-11-10,76812.33333333333,2013-11-10,6
2013-11-11,87255.875,2013-11-11,0
2013-11-12,93428.29166666667,2013-11-12,1
2013-11-13,97659.70833333333,2013-11-13,2
2013-11-14,94345.79166666667,2013-11-14,3
2013-11-15,89240.0,2013-11-15,4
2013-11-16,78104.54166666667,2013-11-16,5
2013-11-17,73614.08333333333,2013-11-17,6
2013-11-18,82078.45833333333,2013-11-18,0
2013-11-19,89111.66666666667,2013-11-19,1
2013-11-20,92572.79166666667,2013-11-20,2
2013-11-21,90980.41666666667,2013-11-21,3
2013-11-22,85791.66666666667,2013-11-22,4
2013-11-23,84379.625,2013-11-23,5
2013-11-24,96102.625,2013-11-24,6
2013-11-25,104418.08333333333,2013-11-25,0
2013-11-26,99523.20833333333,2013-11-26,1
2013-11-27,97999.625,2013-11-27,2
2013-11-28,90306.0,2013-11-28,3
2013-11-29,90527.58333333333,2013-11-29,4
2013-11-30,90328.70833333333,2013-11-30,5
2013-12-01,86745.91666666667,2013-12-01,6
2013-12-02,92142.33333333333,2013-12-02,0
2013-12-03,91162.625,2013-12-03,1
2013-12-04,88997.25,2013-12-04,2
2013-12-05,87075.04166666667,2013-12-05,3
2013-12-06,91376.125,2013-12-06,4
2013-12-07,91898.29166666667,2013-12-07,5
2013-12-08,97935.04166666667,2013-12-08,6
2013-12-09,102315.25,2013-12-09,0
2013-12-10,105209.70833333333,2013-12-10,1
2013-12-11,107404.45833333333,2013-12-11,2
2013-12-12,110423.91666666667,2013-12-12,3
2013-12-13,106349.08333333333,2013-12-13,4
2013-12-14,98218.83333333333,2013-12-14,5
2013-12-15,94875.20833333333,2013-12-15,6
2013-12-16,105457.08333333333,2013-12-16,0
2013-12-17,105170.33333333333,2013-12-17,1
2013-12-18,104345.79166666667,2013-12-18,2
2013-12-19,100022.54166666667,2013-12-19,3
2013-12-20,91892.375,2013-12-20,4
2013-12-21,81203.0,2013-12-21,5
2013-12-22,77518.08333333333,2013-12-22,6
2013-12-23,87015.08333333333,2013-12-23,0
2013-12-24,93287.625,2013-12-24,1
2013-12-25,93795.79166666667,2013-12-25,2
2013-12-26,97471.83333333333,2013-12-26,3
2013-12-27,95773.16666666667,2013-12-27,4
2013-12-28,87433.70833333333,2013-12-28,5
2013-12-29,84364.16666666667,2013-12-29,6
2013-12-30,95393.375,2013-12-30,0
2013-12-31,98176.95833333333,2013-12-31,1
2014-01-01,92805.25,2014-01-01,2
2014-01-02,103386.625,2014-01-02,3
2014-01-03,114307.0,2014-01-03,4
2014-01-04,107467.66666666667,2014-01-04,5
2014-01-05,96549.29166666667,2014-01-05,6
2014-01-06,107675.54166666667,2014-01-06,0
2014-01-07,130513.625,2014-01-07,1
2014-01-08,121172.125,2014-01-08,2
2014-01-09,108839.29166666667,2014-01-09,3
2014-01-10,102094.5,2014-01-10,4
2014-01-11,88170.16666666667,2014-01-11,5
2014-01-12,86160.375,2014-01-12,6
2014-01-13,95037.33333333333,2014-01-13,0
2014-01-14,92891.95833333333,2014-01-14,1
2014-01-15,98411.95833333333,2014-01-15,2
2014-01-16,102783.625,2014-01-16,3
2014-01-17,101449.45833333333,2014-01-17,4
2014-01-18,100145.29166666667,2014-01-18,5
2014-01-19,96133.5,2014-01-19,6
2014-01-20,97589.20833333333,2014-01-20,0
2014-01-21,109918.70833333333,2014-01-21,1
2014-01-22,123933.54166666667,2014-01-22,2
2014-01-23,123329.08333333333,2014-01-23,3
2014-01-24,125220.20833333333,2014-01-24,4
2014-01-25,112301.70833333333,2014-01-25,5
2014-01-26,106098.58333333333,2014-01-26,6
2014-01-27,109599.70833333333,2014-01-27,0
2014-01-28,125292.95833333333,2014-01-28,1
2014-01-29,124671.91666666667,2014-01-29,2
2014-01-30,119887.375,2014-01-30,3
2014-01-31,105988.08333333333,2014-01-31,4
2014-02-01,93205.08333333333,2014-02-01,5
2014-02-02,88129.04166666667,2014-02-02,6
2014-02-03,100819.625,2014-02-03,0
2014-02-04,106670.08333333333,2014-02-04,1
2014-02-05,103875.375,2014-02-05,2
2014-02-06,107500.58333333333,2014-02-06,3
2014-02-07,108259.95833333333,2014-02-07,4
2014-02-08,103513.20833333333,2014-02-08,5
2014-02-09,100062.83333333333,2014-02-09,6
2014-02-10,109884.08333333333,2014-02-10,0
2014-02-11,114833.45833333333,2014-02-11,1
2014-02-12,116723.58333333333,2014-02-12,2
2014-02-13,107929.79166666667,2014-02-13,3
2014-02-14,100939.58333333333,2014-02-14,4
2014-02-15,98445.20833333333,2014-02-15,5
2014-02-16,98799.75,2014-02-16,6
2014-02-17,106653.625,2014-02-17,0
2014-02-18,99838.16666666667,2014-02-18,1
2014-02-19,94319.95833333333,2014-02-19,2
2014-02-20,93743.125,2014-02-20,3
2014-02-21,91206.375,2014-02-21,4
2014-02-22,85537.83333333333,2014-02-22,5
2014-02-23,83292.125,2014-02-23,6
2014-02-24,97149.41666666667,2014-02-24,0
2014-02-25,104870.33333333333,2014-02-25,1
2014-02-26,108104.66666666667,2014-02-26,2
2014-02-27,111102.41666666667,2014-02-27,3
2014-02-28,112743.70833333333,2014-02-28,4
2014-03-01,97996.70833333333,2014-03-01,5
2014-03-02,92372.20833333333,2014-03-02,6
2014-03-03,111179.70833333333,2014-03-03,0
2014-03-04,114003.0,2014-03-04,1
2014-03-05,105703.0,2014-03-05,2
2014-03-06,105306.29166666667,2014-03-06,3
2014-03-07,99499.875,2014-03-07,4
2014-03-08,87079.16666666667,2014-03-08,5
2014-03-09,82876.47826086957,2014-03-09,6
2014-03-10,90168.33333333333,2014-03-10,0
2014-03-11,85462.78260869565,2014-03-11,1
2014-03-12,88589.04166666667,2014-03-12,2
2014-03-13,103487.33333333333,2014-03-13,3
2014-03-14,96325.75,2014-03-14,4
2014-03-15,79855.25,2014-03-15,5
2014-03-16,86344.375,2014-03-16,6
2014-03-17,102682.58333333333,2014-03-17,0
2014-03-18,97250.25,2014-03-18,1
2014-03-19,93773.66666666667,2014-03-19,2
2014-03-20,89518.25,2014-03-20,3
2014-03-21,87728.41666666667,2014-03-21,4
2014-03-22,78925.0,2014-03-22,5
2014-03-23,82228.58333333333,2014-03-23,6
2014-03-24,98014.70833333333,2014-03-24,0
2014-03-25,100891.33333333333,2014-03-25,1
2014-03-26,101364.41666666667,2014-03-26,2
2014-03-27,98056.91666666667,2014-03-27,3
2014-03-28,86996.625,2014-03-28,4
2014-03-29,80412.58333333333,2014-03-29,5
2014-03-30,82171.75,2014-03-30,6
2014-03-31,87358.625,2014-03-31,0
2014-04-01,83540.29166666667,2014-04-01,1
2014-04-02,82544.375,2014-04-02,2
2014-04-03,82891.66666666667,2014-04-03,3
2014-04-04,83211.66666666667,2014-04-04,4
2014-04-05,76863.54166666667,2014-04-05,5
2014-04-06,75482.625,2014-04-06,6
2014-04-07,85596.125,2014-04-07,0
2014-04-08,82501.625,2014-04-08,1
2014-04-09,81683.375,2014-04-09,2
2014-04-10,81423.83333333333,2014-04-10,3
2014-04-11,78549.5,2014-04-11,4
2014-04-12,71602.79166666667,2014-04-12,5
2014-04-13,70001.54166666667,2014-04-13,6
2014-04-14,80002.125,2014-04-14,0
2014-04-15,84431.83333333333,2014-04-15,1
2014-04-16,88391.41666666667,2014-04-16,2
2014-04-17,84779.5,2014-04-17,3
2014-04-18,77926.5,2014-04-18,4
2014-04-19,71571.79166666667,2014-04-19,5
2014-04-20,67862.08333333333,2014-04-20,6
2014-04-21,78396.75,2014-04-21,0
2014-04-22,78549.16666666667,2014-04-22,1
2014-04-23,79442.375,2014-04-23,2
2014-04-24,80640.41666666667,2014-04-24,3
2014-04-25,78983.25,2014-04-25,4
2014-04-26,71317.04166666667,2014-04-26,5
2014-04-27,68920.91666666667,2014-04-27,6
2014-04-28,78543.04166666667,2014-04-28,0
2014-04-29,81578.375,2014-04-29,1
2014-04-30,82812.41666666667,2014-04-30,2
2014-05-01,80501.0,2014-05-01,3
2014-05-02,78115.33333333333,2014-05-02,4
2014-05-03,71176.83333333333,2014-05-03,5
2014-05-04,68793.875,2014-05-04,6
2014-05-05,77544.58333333333,2014-05-05,0
2014-05-06,78944.83333333333,2014-05-06,1
2014-05-07,79540.33333333333,2014-05-07,2
2014-05-08,84453.29166666667,2014-05-08,3
2014-05-09,83816.625,2014-05-09,4
2014-05-10,74734.08333333333,2014-05-10,5
2014-05-11,72912.875,2014-05-11,6
2014-05-12,88891.04166666667,2014-05-12,0
2014-05-13,92549.66666666667,2014-05-13,1
2014-05-14,84507.29166666667,2014-05-14,2
2014-05-15,84444.95833333333,2014-05-15,3
2014-05-16,81164.20833333333,2014-05-16,4
2014-05-17,71519.29166666667,2014-05-17,5
2014-05-18,68828.625,2014-05-18,6
2014-05-19,78588.20833333333,2014-05-19,0
2014-05-20,81927.5,2014-05-20,1
2014-05-21,86708.83333333333,2014-05-21,2
2014-05-22,87275.16666666667,2014-05-22,3
2014-05-23,80934.0,2014-05-23,4
2014-05-24,71716.625,2014-05-24,5
2014-05-25,71710.54166666667,2014-05-25,6
2014-05-26,79692.45833333333,2014-05-26,0
2014-05-27,96531.45833333333,2014-05-27,1
2014-05-28,92977.04166666667,2014-05-28,2
2014-05-29,84667.83333333333,2014-05-29,3
2014-05-30,83790.375,2014-05-30,4
2014-05-31,78600.75,2014-05-31,5
2014-06-01,78366.5,2014-06-01,6
2014-06-02,91680.54166666667,2014-06-02,0
2014-06-03,97389.54166666667,2014-06-03,1
2014-06-04,93621.54166666667,2014-06-04,2
2014-06-05,88247.41666666667,2014-06-05,3
2014-06-06,85706.33333333333,2014-06-06,4
2014-06-07,81481.375,2014-06-07,5
2014-06-08,79876.41666666667,2014-06-08,6
2014-06-09,90161.29166666667,2014-06-09,0
2014-06-10,94163.16666666667,2014-06-10,1
2014-06-11,92561.625,2014-06-11,2
2014-06-12,90697.0,2014-06-12,3
2014-06-13,91244.08333333333,2014-06-13,4
2014-06-14,78852.41666666667,2014-06-14,5
2014-06-15,78387.83333333333,2014-06-15,6
2014-06-16,101188.375,2014-06-16,0
2014-06-17,113119.58333333333,2014-06-17,1
2014-06-18,116022.83333333333,2014-06-18,2
2014-06-19,103194.125,2014-06-19,3
2014-06-20,96421.70833333333,2014-06-20,4
2014-06-21,85721.79166666667,2014-06-21,5
2014-06-22,84575.125,2014-06-22,6
2014-06-23,98613.70833333333,2014-06-23,0
2014-06-24,103061.54166666667,2014-06-24,1
2014-06-25,105090.29166666667,2014-06-25,2
2014-06-26,103976.58333333333,2014-06-26,3
2014-06-27,103289.95833333333,2014-06-27,4
2014-06-28,96312.04166666667,2014-06-28,5
2014-06-29,93952.83333333333,2014-06-29,6
2014-06-30,106730.66666666667,2014-06-30,0
2014-07-01,112165.0,2014-07-01,1
2014-07-02,112548.5,2014-07-02,2
2014-07-03,101990.0,2014-07-03,3
2014-07-04,80372.875,2014-07-04,4
2014-07-05,77177.875,2014-07-05,5
2014-07-06,83209.91666666667,2014-07-06,6
2014-07-07,107111.58333333333,2014-07-07,0
2014-07-08,110681.04166666667,2014-07-08,1
2014-07-09,103605.16666666667,2014-07-09,2
2014-07-10,99905.20833333333,2014-07-10,3
2014-07-11,99564.95833333333,2014-07-11,4
2014-07-12,97030.25,2014-07-12,5
2014-07-13,99773.33333333333,2014-07-13,6
2014-07-14,107001.08333333333,2014-07-14,0
2014-07-15,100699.5,2014-07-15,1
2014-07-16,92394.66666666667,2014-07-16,2
2014-07-17,90824.375,2014-07-17,3
2014-07-18,90144.33333333333,2014-07-18,4
2014-07-19,83333.29166666667,2014-07-19,5
2014-07-20,85068.375,2014-07-20,6
2014-07-21,101467.20833333333,2014-07-21,0
2014-07-22,110077.0,2014-07-22,1
2014-07-23,109511.45833333333,2014-07-23,2
2014-07-24,96352.79166666667,2014-07-24,3
2014-07-25,91179.66666666667,2014-07-25,4
2014-07-26,90252.625,2014-07-26,5
2014-07-27,93772.5,2014-07-27,6
2014-07-28,95194.29166666667,2014-07-28,0
2014-07-29,86950.58333333333,2014-07-29,1
2014-07-30,87777.79166666667,2014-07-30,2
2014-07-31,93476.58333333333,2014-07-31,3
2014-08-01,94737.83333333333,2014-08-01,4
2014-08-02,85047.54166666667,2014-08-02,5
2014-08-03,84751.625,2014-08-03,6
2014-08-04,99221.625,2014-08-04,0
2014-08-05,101726.08333333333,2014-08-05,1
2014-08-06,98593.70833333333,2014-08-06,2
2014-08-07,95962.375,2014-08-07,3
2014-08-08,92696.875,2014-08-08,4
2014-08-09,87910.41666666667,2014-08-09,5
2014-08-10,89313.29166666667,2014-08-10,6
2014-08-11,97909.16666666667,2014-08-11,0
2014-08-12,95311.95833333333,2014-08-12,1
2014-08-13,94151.66666666667,2014-08-13,2
2014-08-14,89363.58333333333,2014-08-14,3
2014-08-15,85589.66666666667,2014-08-15,4
2014-08-16,81282.125,2014-08-16,5
2014-08-17,84105.41666666667,2014-08-17,6
2014-08-18,96286.29166666667,2014-08-18,0
2014-08-19,101913.0,2014-08-19,1
2014-08-20,103658.08333333333,2014-08-20,2
2014-08-21,102644.75,2014-08-21,3
2014-08-22,101913.04166666667,2014-08-22,4
2014-08-23,91804.20833333333,2014-08-23,5
2014-08-24,89168.20833333333,2014-08-24,6
2014-08-25,100575.79166666667,2014-08-25,0
2014-08-26,102958.20833333333,2014-08-26,1
2014-08-27,105504.29166666667,2014-08-27,2
2014-08-28,100436.0,2014-08-28,3
2014-08-29,94331.125,2014-08-29,4
2014-08-30,90550.625,2014-08-30,5
2014-08-31,94228.66666666667,2014-08-31,6
2014-09-01,99866.33333333333,2014-09-01,0
2014-09-02,110213.58333333333,2014-09-02,1
2014-09-03,105429.25,2014-09-03,2
2014-09-04,105984.95833333333,2014-09-04,3
2014-09-05,111439.875,2014-09-05,4
2014-09-06,98746.83333333333,2014-09-06,5
2014-09-07,82746.25,2014-09-07,6
2014-09-08,87940.54166666667,2014-09-08,0
2014-09-09,90728.33333333333,2014-09-09,1
2014-09-10,94382.58333333333,2014-09-10,2
2014-09-11,94033.75,2014-09-11,3
2014-09-12,84754.29166666667,2014-09-12,4
2014-09-13,74555.5,2014-09-13,5
2014-09-14,69815.95833333333,2014-09-14,6
2014-09-15,79650.66666666667,2014-09-15,0
2014-09-16,81763.41666666667,2014-09-16,1
2014-09-17,80798.375,2014-09-17,2
2014-09-18,81445.625,2014-09-18,3
2014-09-19,80170.08333333333,2014-09-19,4
2014-09-20,76600.625,2014-09-20,5
2014-09-21,77350.91666666667,2014-09-21,6
2014-09-22,80850.04166666667,2014-09-22,0
2014-09-23,79367.04166666667,2014-09-23,1
2014-09-24,80125.75,2014-09-24,2
2014-09-25,81510.875,2014-09-25,3
2014-09-26,81651.66666666667,2014-09-26,4
2014-09-27,75521.41666666667,2014-09-27,5
2014-09-28,74571.16666666667,2014-09-28,6
2014-09-29,84438.0,2014-09-29,0
2014-09-30,83203.54166666667,2014-09-30,1
2014-10-01,81881.33333333333,2014-10-01,2
2014-10-02,83002.875,2014-10-02,3
2014-10-03,80972.16666666667,2014-10-03,4
2014-10-04,72689.41666666667,2014-10-04,5
2014-10-05,69832.29166666667,2014-10-05,6
2014-10-06,79048.33333333333,2014-10-06,0
2014-10-07,79991.375,2014-10-07,1
2014-10-08,80116.33333333333,2014-10-08,2
2014-10-09,79648.75,2014-10-09,3
2014-10-10,78899.04166666667,2014-10-10,4
2014-10-11,72522.66666666667,2014-10-11,5
2014-10-12,70081.54166666667,2014-10-12,6
2014-10-13,79934.20833333333,2014-10-13,0
2014-10-14,83409.58333333333,2014-10-14,1
2014-10-15,83603.08333333333,2014-10-15,2
2014-10-16,81081.79166666667,2014-10-16,3
2014-10-17,79085.875,2014-10-17,4
2014-10-18,72043.125,2014-10-18,5
2014-10-19,70677.125,2014-10-19,6
2014-10-20,81271.04166666667,2014-10-20,0
2014-10-21,81111.08333333333,2014-10-21,1
2014-10-22,82303.95833333333,2014-10-22,2
2014-10-23,81906.08333333333,2014-10-23,3
2014-10-24,80028.79166666667,2014-10-24,4
2014-10-25,72915.79166666667,2014-10-25,5
2014-10-26,69747.58333333333,2014-10-26,6
2014-10-27,80533.375,2014-10-27,0
2014-10-28,80396.20833333333,2014-10-28,1
2014-10-29,80063.04166666667,2014-10-29,2
2014-10-30,81576.375,2014-10-30,3
2014-10-31,83145.25,2014-10-31,4
2014-11-01,80127.16666666667,2014-11-01,5
2014-11-02,79282.36,2014-11-02,6
2014-11-03,86003.04166666667,2014-11-03,0
2014-11-04,82270.83333333333,2014-11-04,1
2014-11-05,81030.41666666667,2014-11-05,2
2014-11-06,82912.58333333333,2014-11-06,3
2014-11-07,84737.25,2014-11-07,4
2014-11-08,81683.83333333333,2014-11-08,5
2014-11-09,76434.16666666667,2014-11-09,6
2014-11-10,84525.45833333333,2014-11-10,0
2014-11-11,83387.08333333333,2014-11-11,1
2014-11-12,85190.33333333333,2014-11-12,2
2014-11-13,92026.33333333333,2014-11-13,3
2014-11-14,95210.375,2014-11-14,4
2014-11-15,90698.75,2014-11-15,5
2014-11-16,87271.75,2014-11-16,6
2014-11-17,94803.41666666667,2014-11-17,0
2014-11-18,105533.29166666667,2014-11-18,1
2014-11-19,107094.0,2014-11-19,2
2014-11-20,99811.375,2014-11-20,3
2014-11-21,101783.16666666667,2014-11-21,4
2014-11-22,94040.08333333333,2014-11-22,5
2014-11-23,82097.66666666667,2014-11-23,6
2014-11-24,83881.33333333333,2014-11-24,0
2014-11-25,87377.79166666667,2014-11-25,1
2014-11-26,94518.91666666667,2014-11-26,2
2014-11-27,85785.375,2014-11-27,3
2014-11-28,90663.08333333333,2014-11-28,4
2014-11-29,88532.66666666667,2014-11-29,5
2014-11-30,79682.54166666667,2014-11-30,6
2014-12-01,87307.95833333333,2014-12-01,0
2014-12-02,96954.25,2014-12-02,1
2014-12-03,94866.54166666667,2014-12-03,2
2014-12-04,97207.625,2014-12-04,3
2014-12-05,94945.875,2014-12-05,4
2014-12-06,86716.625,2014-12-06,5
2014-12-07,87528.125,2014-12-07,6
2014-12-08,100750.29166666667,2014-12-08,0
2014-12-09,99141.54166666667,2014-12-09,1
2014-12-10,98835.70833333333,2014-12-10,2
2014-12-11,101956.45833333333,2014-12-11,3
2014-12-12,100088.5,2014-12-12,4
2014-12-13,92563.41666666667,2014-12-13,5
2014-12-14,87165.04166666667,2014-12-14,6
2014-12-15,92246.33333333333,2014-12-15,0
2014-12-16,94648.25,2014-12-16,1
2014-12-17,95012.58333333333,2014-12-17,2
2014-12-18,100690.41666666667,2014-12-18,3
2014-12-19,100105.58333333333,2014-12-19,4
2014-12-20,96165.54166666667,2014-12-20,5
2014-12-21,92009.41666666667,2014-12-21,6
2014-12-22,99140.45833333333,2014-12-22,0
2014-12-23,91214.375,2014-12-23,1
2014-12-24,81042.58333333333,2014-12-24,2
2014-12-25,75331.0,2014-12-25,3
2014-12-26,83482.41666666667,2014-12-26,4
2014-12-27,81060.20833333333,2014-12-27,5
2014-12-28,79848.95833333333,2014-12-28,6
2014-12-29,91051.125,2014-12-29,0
2014-12-30,97317.29166666667,2014-12-30,1
2014-12-31,100478.875,2014-12-31,2
2015-01-01,93066.66666666667,2015-01-01,3
2015-01-02,92179.08333333333,2015-01-02,4
2015-01-03,89737.79166666667,2015-01-03,5
2015-01-04,82184.0,2015-01-04,6
2015-01-05,101075.41666666667,2015-01-05,0
2015-01-06,110345.16666666667,2015-01-06,1
2015-01-07,117821.08333333333,2015-01-07,2
2015-01-08,126341.29166666667,2015-01-08,3
2015-01-09,114186.33333333333,2015-01-09,4
2015-01-10,111651.08333333333,2015-01-10,5
2015-01-11,103360.58333333333,2015-01-11,6
2015-01-12,102417.79166666667,2015-01-12,0
2015-01-13,106319.70833333333,2015-01-13,1
2015-01-14,112217.875,2015-01-14,2
2015-01-15,106279.04166666667,2015-01-15,3
2015-01-16,102251.91666666667,2015-01-16,4
2015-01-17,96307.0,2015-01-17,5
2015-01-18,90087.41666666667,2015-01-18,6
2015-01-19,95594.125,2015-01-19,0
2015-01-20,97690.33333333333,2015-01-20,1
2015-01-21,100371.70833333333,2015-01-21,2
2015-01-22,100672.875,2015-01-22,3
2015-01-23,100170.20833333333,2015-01-23,4
2015-01-24,93785.20833333333,2015-01-24,5
2015-01-25,89668.29166666667,2015-01-25,6
2015-01-26,103386.125,2015-01-26,0
2015-01-27,107016.04166666667,2015-01-27,1
2015-01-28,108660.375,2015-01-28,2
2015-01-29,107033.41666666667,2015-01-29,3
2015-01-30,102930.29166666667,2015-01-30,4
2015-01-31,103858.0,2015-01-31,5
2015-02-01,95632.70833333333,2015-02-01,6
2015-02-02,102170.625,2015-02-02,0
2015-02-03,109310.25,2015-02-03,1
2015-02-04,102222.0,2015-02-04,2
2015-02-05,106413.875,2015-02-05,3
2015-02-06,112181.5,2015-02-06,4
2015-02-07,94088.58333333333,2015-02-07,5
2015-02-08,84551.58333333333,2015-02-08,6
2015-02-09,97202.875,2015-02-09,0
2015-02-10,104240.08333333333,2015-02-10,1
2015-02-11,102590.375,2015-02-11,2
2015-02-12,105525.125,2015-02-12,3
2015-02-13,114926.79166666667,2015-02-13,4
2015-02-14,105860.58333333333,2015-02-14,5
2015-02-15,116698.08333333333,2015-02-15,6
2015-02-16,125554.875,2015-02-16,0
2015-02-17,117016.25,2015-02-17,1
2015-02-18,116555.375,2015-02-18,2
2015-02-19,126590.79166666667,2015-02-19,3
2015-02-20,129698.45833333333,2015-02-20,4
2015-02-21,114227.70833333333,2015-02-21,5
2015-02-22,96254.83333333333,2015-02-22,6
2015-02-23,110413.125,2015-02-23,0
2015-02-24,119800.875,2015-02-24,1
2015-02-25,109093.45833333333,2015-02-25,2
2015-02-26,108508.41666666667,2015-02-26,3
2015-02-27,109866.25,2015-02-27,4
2015-02-28,106084.75,2015-02-28,5
2015-03-01,101979.5,2015-03-01,6
2015-03-02,101417.5,2015-03-02,0
2015-03-03,105604.95833333333,2015-03-03,1
2015-03-04,98027.79166666667,2015-03-04,2
2015-03-05,106157.83333333333,2015-03-05,3
2015-03-06,112721.04166666667,2015-03-06,4
2015-03-07,99495.70833333333,2015-03-07,5
2015-03-08,85084.73913043478,2015-03-08,6
2015-03-09,89162.08333333333,2015-03-09,0
2015-03-10,90253.91666666667,2015-03-10,1
2015-03-11,85696.04166666667,2015-03-11,2
2015-03-12,86989.95833333333,2015-03-12,3
2015-03-13,88728.70833333333,2015-03-13,4
2015-03-14,80733.41666666667,2015-03-14,5
2015-03-15,78381.04166666667,2015-03-15,6
2015-03-16,85926.58333333333,2015-03-16,0
2015-03-17,83787.04166666667,2015-03-17,1
2015-03-18,90887.29166666667,2015-03-18,2
2015-03-19,91292.58333333333,2015-03-19,3
2015-03-20,92636.29166666667,2015-03-20,4
2015-03-21,81914.125,2015-03-21,5
2015-03-22,78703.20833333333,2015-03-22,6
2015-03-23,91548.29166666667,2015-03-23,0
2015-03-24,92544.25,2015-03-24,1
2015-03-25,91078.91666666667,2015-03-25,2
2015-03-26,86135.20833333333,2015-03-26,3
2015-03-27,88735.20833333333,2015-03-27,4
2015-03-28,89875.125,2015-03-28,5
2015-03-29,87946.45833333333,2015-03-29,6
2015-03-30,87289.04166666667,2015-03-30,0
2015-03-31,85356.83333333333,2015-03-31,1
2015-04-01,84384.375,2015-04-01,2
2015-04-02,82513.375,2015-04-02,3
2015-04-03,75329.625,2015-04-03,4
2015-04-04,72014.0,2015-04-04,5
2015-04-05,70713.29166666667,2015-04-05,6
2015-04-06,78931.75,2015-04-06,0
2015-04-07,80043.75,2015-04-07,1
2015-04-08,81963.375,2015-04-08,2
2015-04-09,84500.25,2015-04-09,3
2015-04-10,81162.375,2015-04-10,4
2015-04-11,71746.75,2015-04-11,5
2015-04-12,70418.75,2015-04-12,6
2015-04-13,78438.91666666667,2015-04-13,0
2015-04-14,78288.91666666667,2015-04-14,1
2015-04-15,78397.58333333333,2015-04-15,2
2015-04-16,78533.25,2015-04-16,3
2015-04-17,78201.04166666667,2015-04-17,4
2015-04-18,71194.41666666667,2015-04-18,5
2015-04-19,67910.375,2015-04-19,6
2015-04-20,79013.83333333333,2015-04-20,0
2015-04-21,78323.20833333333,2015-04-21,1
2015-04-22,80176.16666666667,2015-04-22,2
2015-04-23,82162.5,2015-04-23,3
2015-04-24,81303.29166666667,2015-04-24,4
2015-04-25,75230.125,2015-04-25,5
2015-04-26,71190.70833333333,2015-04-26,6
2015-04-27,79786.54166666667,2015-04-27,0
2015-04-28,79368.20833333333,2015-04-28,1
2015-04-29,78465.66666666667,2015-04-29,2
2015-04-30,77779.95833333333,2015-04-30,3
2015-05-01,77022.16666666667,2015-05-01,4
2015-05-02,70251.125,2015-05-02,5
2015-05-03,68964.95833333333,2015-05-03,6
2015-05-04,80727.91666666667,2015-05-04,0
2015-05-05,83927.41666666667,2015-05-05,1
2015-05-06,84614.25,2015-05-06,2
2015-05-07,86032.125,2015-05-07,3
2015-05-08,88777.875,2015-05-08,4
2015-05-09,80451.95833333333,2015-05-09,5
2015-05-10,80260.125,2015-05-10,6
2015-05-11,93043.41666666667,2015-05-11,0
2015-05-12,90320.79166666667,2015-05-12,1
2015-05-13,80168.83333333333,2015-05-13,2
2015-05-14,78635.29166666667,2015-05-14,3
2015-05-15,80093.33333333333,2015-05-15,4
2015-05-16,79247.125,2015-05-16,5
2015-05-17,83228.375,2015-05-17,6
2015-05-18,95085.375,2015-05-18,0
2015-05-19,89923.95833333333,2015-05-19,1
2015-05-20,81467.375,2015-05-20,2
2015-05-21,78441.83333333333,2015-05-21,3
2015-05-22,77085.20833333333,2015-05-22,4
2015-05-23,69489.91666666667,2015-05-23,5
2015-05-24,70692.33333333333,2015-05-24,6
2015-05-25,79285.25,2015-05-25,0
2015-05-26,94852.83333333333,2015-05-26,1
2015-05-27,98013.04166666667,2015-05-27,2
2015-05-28,98204.75,2015-05-28,3
2015-05-29,97290.125,2015-05-29,4
2015-05-30,90978.29166666667,2015-05-30,5
2015-05-31,85798.625,2015-05-31,6
2015-06-01,87720.875,2015-06-01,0
2015-06-02,81151.41666666667,2015-06-02,1
2015-06-03,80032.0,2015-06-03,2
2015-06-04,83510.33333333333,2015-06-04,3
2015-06-05,84781.45833333333,2015-06-05,4
2015-06-06,78154.54166666667,2015-06-06,5
2015-06-07,77586.95833333333,2015-06-07,6
2015-06-08,93059.875,2015-06-08,0
2015-06-09,94526.5,2015-06-09,1
2015-06-10,98997.33333333333,2015-06-10,2
2015-06-11,105643.625,2015-06-11,3
2015-06-12,107539.0,2015-06-12,4
2015-06-13,98142.33333333333,2015-06-13,5
2015-06-14,97898.20833333333,2015-06-14,6
2015-06-15,108995.25,2015-06-15,0
2015-06-16,108152.54166666667,2015-06-16,1
2015-06-17,97476.125,2015-06-17,2
2015-06-18,99611.375,2015-06-18,3
2015-06-19,97476.66666666667,2015-06-19,4
2015-06-20,90076.20833333333,2015-06-20,5
2015-06-21,95754.95833333333,2015-06-21,6
2015-06-22,109611.41666666667,2015-06-22,0
2015-06-23,112487.0,2015-06-23,1
2015-06-24,100248.29166666667,2015-06-24,2
2015-06-25,96254.54166666667,2015-06-25,3
2015-06-26,93150.375,2015-06-26,4
2015-06-27,80618.41666666667,2015-06-27,5
2015-06-28,76923.125,2015-06-28,6
2015-06-29,86727.875,2015-06-29,0
2015-06-30,93096.58333333333,2015-06-30,1
2015-07-01,93235.83333333333,2015-07-01,2
2015-07-02,87734.66666666667,2015-07-02,3
2015-07-03,81502.75,2015-07-03,4
2015-07-04,79358.5,2015-07-04,5
2015-07-05,83328.83333333333,2015-07-05,6
2015-07-06,100912.75,2015-07-06,0
2015-07-07,105295.29166666667,2015-07-07,1
2015-07-08,100229.70833333333,2015-07-08,2
2015-07-09,101141.91666666667,2015-07-09,3
2015-07-10,98808.0,2015-07-10,4
2015-07-11,90449.41666666667,2015-07-11,5
2015-07-12,89604.0,2015-07-12,6
2015-07-13,101522.08333333333,2015-07-13,0
2015-07-14,103964.125,2015-07-14,1
2015-07-15,97922.54166666667,2015-07-15,2
2015-07-16,92579.0,2015-07-16,3
2015-07-17,99837.91666666667,2015-07-17,4
2015-07-18,103130.04166666667,2015-07-18,5
2015-07-19,107596.45833333333,2015-07-19,6
2015-07-20,117578.16666666667,2015-07-20,0
2015-07-21,112021.95833333333,2015-07-21,1
2015-07-22,100800.5,2015-07-22,2
2015-07-23,99174.75,2015-07-23,3
2015-07-24,100209.625,2015-07-24,4
2015-07-25,97727.79166666667,2015-07-25,5
2015-07-26,98069.5,2015-07-26,6
2015-07-27,109530.20833333333,2015-07-27,0
2015-07-28,115190.29166666667,2015-07-28,1
2015-07-29,117314.5,2015-07-29,2
2015-07-30,114035.58333333333,2015-07-30,3
2015-07-31,107114.04166666667,2015-07-31,4
2015-08-01,97198.70833333333,2015-08-01,5
2015-08-02,96526.70833333333,2015-08-02,6
2015-08-03,106595.25,2015-08-03,0
2015-08-04,107463.75,2015-08-04,1
2015-08-05,104006.91666666667,2015-08-05,2
2015-08-06,96913.375,2015-08-06,3
2015-08-07,94957.20833333333,2015-08-07,4
2015-08-08,90357.125,2015-08-08,5
2015-08-09,90126.70833333333,2015-08-09,6
2015-08-10,99498.33333333333,2015-08-10,0
2015-08-11,101492.5,2015-08-11,1
2015-08-12,97491.5,2015-08-12,2
2015-08-13,96454.625,2015-08-13,3
2015-08-14,99678.0,2015-08-14,4
2015-08-15,97364.04166666667,2015-08-15,5
2015-08-16,100186.0,2015-08-16,6
2015-08-17,112411.625,2015-08-17,0
2015-08-18,110034.375,2015-08-18,1
2015-08-19,109830.83333333333,2015-08-19,2
2015-08-20,104429.625,2015-08-20,3
2015-08-21,97986.79166666667,2015-08-21,4
2015-08-22,87261.41666666667,2015-08-22,5
2015-08-23,86174.58333333333,2015-08-23,6
2015-08-24,98178.08333333333,2015-08-24,0
2015-08-25,94793.79166666667,2015-08-25,1
2015-08-26,88340.0,2015-08-26,2
2015-08-27,87930.58333333333,2015-08-27,3
2015-08-28,88667.58333333333,2015-08-28,4
2015-08-29,86382.33333333333,2015-08-29,5
2015-08-30,90615.79166666667,2015-08-30,6
2015-08-31,106159.375,2015-08-31,0
2015-09-01,111145.41666666667,2015-09-01,1
2015-09-02,111795.75,2015-09-02,2
2015-09-03,112982.0,2015-09-03,3
2015-09-04,108312.875,2015-09-04,4
2015-09-05,94665.875,2015-09-05,5
2015-09-06,91577.75,2015-09-06,6
2015-09-07,98100.875,2015-09-07,0
2015-09-08,111044.0,2015-09-08,1
2015-09-09,109560.16666666667,2015-09-09,2
2015-09-10,98392.54166666667,2015-09-10,3
2015-09-11,90781.58333333333,2015-09-11,4
2015-09-12,78300.91666666667,2015-09-12,5
2015-09-13,72524.45833333333,2015-09-13,6
2015-09-14,80729.29166666667,2015-09-14,0
2015-09-15,86073.5,2015-09-15,1
2015-09-16,90093.79166666667,2015-09-16,2
2015-09-17,92777.91666666667,2015-09-17,3
2015-09-18,92472.29166666667,2015-09-18,4
2015-09-19,84726.08333333333,2015-09-19,5
2015-09-20,76883.33333333333,2015-09-20,6
2015-09-21,81405.83333333333,2015-09-21,0
2015-09-22,83055.75,2015-09-22,1
2015-09-23,84343.33333333333,2015-09-23,2
2015-09-24,84696.41666666667,2015-09-24,3
2015-09-25,82359.45833333333,2015-09-25,4
2015-09-26,74017.58333333333,2015-09-26,5
2015-09-27,72984.16666666667,2015-09-27,6
2015-09-28,88210.16666666667,2015-09-28,0
2015-09-29,90983.08333333333,2015-09-29,1
2015-09-30,87115.29166666667,2015-09-30,2
2015-10-01,78330.625,2015-10-01,3
2015-10-02,77230.625,2015-10-02,4
2015-10-03,73384.0,2015-10-03,5
2015-10-04,69925.91666666667,2015-10-04,6
2015-10-05,77948.5,2015-10-05,0
2015-10-06,79338.25,2015-10-06,1
2015-10-07,80107.66666666667,2015-10-07,2
2015-10-08,80743.625,2015-10-08,3
2015-10-09,80495.29166666667,2015-10-09,4
2015-10-10,69934.33333333333,2015-10-10,5
2015-10-11,68605.20833333333,2015-10-11,6
2015-10-12,78254.375,2015-10-12,0
2015-10-13,79233.70833333333,2015-10-13,1
2015-10-14,78110.5,2015-10-14,2
2015-10-15,78380.91666666667,2015-10-15,3
2015-10-16,77128.95833333333,2015-10-16,4
2015-10-17,73184.29166666667,2015-10-17,5
2015-10-18,74589.20833333333,2015-10-18,6
2015-10-19,83821.125,2015-10-19,0
2015-10-20,81379.375,2015-10-20,1
2015-10-21,79779.16666666667,2015-10-21,2
2015-10-22,79234.625,2015-10-22,3
2015-10-23,77086.70833333333,2015-10-23,4
2015-10-24,71725.58333333333,2015-10-24,5
2015-10-25,69002.08333333333,2015-10-25,6
2015-10-26,78747.08333333333,2015-10-26,0
2015-10-27,81929.66666666667,2015-10-27,1
2015-10-28,81424.83333333333,2015-10-28,2
2015-10-29,79798.375,2015-10-29,3
2015-10-30,79144.79166666667,2015-10-30,4
2015-10-31,74435.95833333333,2015-10-31,5
2015-11-01,69987.24,2015-11-01,6
2015-11-02,78557.25,2015-11-02,0
2015-11-03,79821.04166666667,2015-11-03,1
2015-11-04,79515.41666666667,2015-11-04,2
2015-11-05,80434.25,2015-11-05,3
2015-11-06,79811.75,2015-11-06,4
2015-11-07,72138.91666666667,2015-11-07,5
2015-11-08,72051.45833333333,2015-11-08,6
2015-11-09,83827.25,2015-11-09,0
2015-11-10,82072.41666666667,2015-11-10,1
2015-11-11,80995.91666666667,2015-11-11,2
2015-11-12,81961.79166666667,2015-11-12,3
2015-11-13,81357.33333333333,2015-11-13,4
2015-11-14,77884.16666666667,2015-11-14,5
2015-11-15,75576.875,2015-11-15,6
2015-11-16,82029.75,2015-11-16,0
2015-11-17,82135.41666666667,2015-11-17,1
2015-11-18,81516.45833333333,2015-11-18,2
2015-11-19,80716.0,2015-11-19,3
2015-11-20,82213.125,2015-11-20,4
2015-11-21,80602.45833333333,2015-11-21,5
2015-11-22,80974.625,2015-11-22,6
2015-11-23,93164.95833333333,2015-11-23,0
2015-11-24,91198.45833333333,2015-11-24,1
2015-11-25,85660.0,2015-11-25,2
2015-11-26,73010.29166666667,2015-11-26,3
2015-11-27,72527.79166666667,2015-11-27,4
2015-11-28,73110.04166666667,2015-11-28,5
2015-11-29,75540.95833333333,2015-11-29,6
2015-11-30,88092.91666666667,2015-11-30,0
2015-12-01,87111.33333333333,2015-12-01,1
2015-12-02,86476.16666666667,2015-12-02,2
2015-12-03,89837.29166666667,2015-12-03,3
2015-12-04,90652.29166666667,2015-12-04,4
2015-12-05,85808.04166666667,2015-12-05,5
2015-12-06,84176.95833333333,2015-12-06,6
2015-12-07,90482.0,2015-12-07,0
2015-12-08,90079.375,2015-12-08,1
2015-12-09,90349.79166666667,2015-12-09,2
2015-12-10,85931.95833333333,2015-12-10,3
2015-12-11,83458.25,2015-12-11,4
2015-12-12,75438.83333333333,2015-12-12,5
2015-12-13,73034.45833333333,2015-12-13,6
2015-12-14,81932.16666666667,2015-12-14,0
2015-12-15,83659.5,2015-12-15,1
2015-12-16,85766.08333333333,2015-12-16,2
2015-12-17,87273.29166666667,2015-12-17,3
2015-12-18,91191.25,2015-12-18,4
2015-12-19,91073.79166666667,2015-12-19,5
2015-12-20,88451.625,2015-12-20,6
2015-12-21,90540.70833333333,2015-12-21,0
2015-12-22,84313.29166666667,2015-12-22,1
2015-12-23,82054.45833333333,2015-12-23,2
2015-12-24,73879.25,2015-12-24,3
2015-12-25,69731.95833333333,2015-12-25,4
2015-12-26,71860.70833333333,2015-12-26,5
2015-12-27,72719.66666666667,2015-12-27,6
2015-12-28,85480.75,2015-12-28,0
2015-12-29,85086.41666666667,2015-12-29,1
2015-12-30,84236.04166666667,2015-12-30,2
2015-12-31,82249.29166666667,2015-12-31,3
2016-01-01,82345.95833333333,2016-01-01,4
2016-01-02,85345.625,2016-01-02,5
2016-01-03,86118.29166666667,2016-01-03,6
2016-01-04,99564.16666666667,2016-01-04,0
2016-01-05,108979.625,2016-01-05,1
2016-01-06,104951.95833333333,2016-01-06,2
2016-01-07,97491.83333333333,2016-01-07,3
2016-01-08,93206.875,2016-01-08,4
2016-01-09,82492.95833333333,2016-01-09,5
2016-01-10,82574.0,2016-01-10,6
2016-01-11,103190.625,2016-01-11,0
2016-01-12,105224.95833333333,2016-01-12,1
2016-01-13,110397.875,2016-01-13,2
2016-01-14,99820.0,2016-01-14,3
2016-01-15,92860.95833333333,2016-01-15,4
2016-01-16,85678.875,2016-01-16,5
2016-01-17,92488.5,2016-01-17,6
2016-01-18,112872.625,2016-01-18,0
2016-01-19,118717.91666666667,2016-01-19,1
2016-01-20,113437.5,2016-01-20,2
2016-01-21,107876.83333333333,2016-01-21,3
2016-01-22,110878.0,2016-01-22,4
2016-01-23,104053.25,2016-01-23,5
2016-01-24,97922.95833333333,2016-01-24,6
2016-01-25,102056.08333333333,2016-01-25,0
2016-01-26,96732.54166666667,2016-01-26,1
2016-01-27,96549.375,2016-01-27,2
2016-01-28,100237.33333333333,2016-01-28,3
2016-01-29,97743.375,2016-01-29,4
2016-01-30,90138.58333333333,2016-01-30,5
2016-01-31,80724.08333333333,2016-01-31,6
2016-02-01,86060.0,2016-02-01,0
2016-02-02,89912.41666666667,2016-02-02,1
2016-02-03,87940.625,2016-02-03,2
2016-02-04,90076.29166666667,2016-02-04,3
2016-02-05,95283.08333333333,2016-02-05,4
2016-02-06,90224.45833333333,2016-02-06,5
2016-02-07,87493.75,2016-02-07,6
2016-02-08,94577.54166666667,2016-02-08,0
2016-02-09,101156.0,2016-02-09,1
2016-02-10,106041.0,2016-02-10,2
2016-02-11,111203.25,2016-02-11,3
2016-02-12,111076.29166666667,2016-02-12,4
2016-02-13,108451.45833333333,2016-02-13,5
2016-02-14,110214.95833333333,2016-02-14,6
2016-02-15,110092.25,2016-02-15,0
2016-02-16,98742.25,2016-02-16,1
2016-02-17,96908.625,2016-02-17,2
2016-02-18,98617.41666666667,2016-02-18,3
2016-02-19,97031.16666666667,2016-02-19,4
2016-02-20,79123.20833333333,2016-02-20,5
2016-02-21,76287.66666666667,2016-02-21,6
2016-02-22,86593.54166666667,2016-02-22,0
2016-02-23,91305.91666666667,2016-02-23,1
2016-02-24,90357.70833333333,2016-02-24,2
2016-02-25,92327.08333333333,2016-02-25,3
2016-02-26,95923.25,2016-02-26,4
2016-02-27,87727.375,2016-02-27,5
2016-02-28,78893.625,2016-02-28,6
2016-02-29,83418.375,2016-02-29,0
2016-03-01,86815.29166666667,2016-03-01,1
2016-03-02,91430.25,2016-03-02,2
2016-03-03,98029.95833333333,2016-03-03,3
2016-03-04,96262.16666666667,2016-03-04,4
2016-03-05,87842.5,2016-03-05,5
2016-03-06,82739.75,2016-03-06,6
2016-03-07,86635.20833333333,2016-03-07,0
2016-03-08,80607.375,2016-03-08,1
2016-03-09,79129.79166666667,2016-03-09,2
2016-03-10,79452.33333333333,2016-03-10,3
2016-03-11,78054.875,2016-03-11,4
2016-03-12,72454.625,2016-03-12,5
2016-03-13,71402.73913043478,2016-03-13,6
2016-03-14,80857.29166666667,2016-03-14,0
2016-03-15,80782.0,2016-03-15,1
2016-03-16,79509.25,2016-03-16,2
2016-03-17,78954.625,2016-03-17,3
2016-03-18,79134.125,2016-03-18,4
2016-03-19,78206.95833333333,2016-03-19,5
2016-03-20,80343.95833333333,2016-03-20,6
2016-03-21,87390.83333333333,2016-03-21,0
2016-03-22,85279.66666666667,2016-03-22,1
2016-03-23,79743.125,2016-03-23,2
2016-03-24,78418.5,2016-03-24,3
2016-03-25,75042.0,2016-03-25,4
2016-03-26,70862.91666666667,2016-03-26,5
2016-03-27,68506.125,2016-03-27,6
2016-03-28,77745.625,2016-03-28,0
2016-03-29,79803.625,2016-03-29,1
2016-03-30,81099.20833333333,2016-03-30,2
2016-03-31,78258.58333333333,2016-03-31,3
2016-04-01,77271.45833333333,2016-04-01,4
2016-04-02,72445.625,2016-04-02,5
2016-04-03,75391.79166666667,2016-04-03,6
2016-04-04,82985.29166666667,2016-04-04,0
2016-04-05,87729.29166666667,2016-04-05,1
2016-04-06,87622.5,2016-04-06,2
2016-04-07,83123.0,2016-04-07,3
2016-04-08,84267.45833333333,2016-04-08,4
2016-04-09,83307.75,2016-04-09,5
2016-04-10,81270.54166666667,2016-04-10,6
2016-04-11,81867.875,2016-04-11,0
2016-04-12,80073.75,2016-04-12,1
2016-04-13,81412.91666666667,2016-04-13,2
2016-04-14,80620.20833333333,2016-04-14,3
2016-04-15,77874.54166666667,2016-04-15,4
2016-04-16,70294.54166666667,2016-04-16,5
2016-04-17,68733.91666666667,2016-04-17,6
2016-04-18,78832.58333333333,2016-04-18,0
2016-04-19,78381.875,2016-04-19,1
2016-04-20,77341.66666666667,2016-04-20,2
2016-04-21,77827.45833333333,2016-04-21,3
2016-04-22,77165.625,2016-04-22,4
2016-04-23,69525.66666666667,2016-04-23,5
2016-04-24,67292.75,2016-04-24,6
2016-04-25,78074.95833333333,2016-04-25,0
2016-04-26,80525.0,2016-04-26,1
2016-04-27,77988.58333333333,2016-04-27,2
2016-04-28,78504.5,2016-04-28,3
2016-04-29,77762.83333333333,2016-04-29,4
2016-04-30,70753.16666666667,2016-04-30,5
2016-05-01,70247.33333333333,2016-05-01,6
2016-05-02,78403.54166666667,2016-05-02,0
2016-05-03,78242.91666666667,2016-05-03,1
2016-05-04,77748.58333333333,2016-05-04,2
2016-05-05,78758.54166666667,2016-05-05,3
2016-05-06,78103.25,2016-05-06,4
2016-05-07,70149.04166666667,2016-05-07,5
2016-05-08,66507.5,2016-05-08,6
2016-05-09,76717.16666666667,2016-05-09,0
2016-05-10,78053.0,2016-05-10,1
2016-05-11,78854.0,2016-05-11,2
2016-05-12,80028.95833333333,2016-05-12,3
2016-05-13,77949.58333333333,2016-05-13,4
2016-05-14,70261.75,2016-05-14,5
2016-05-15,68329.20833333333,2016-05-15,6
2016-05-16,77509.33333333333,2016-05-16,0
2016-05-17,77763.70833333333,2016-05-17,1
2016-05-18,77561.08333333333,2016-05-18,2
2016-05-19,77413.625,2016-05-19,3
2016-05-20,76469.45833333333,2016-05-20,4
2016-05-21,69989.70833333333,2016-05-21,5
2016-05-22,68533.58333333333,2016-05-22,6
2016-05-23,78725.75,2016-05-23,0
2016-05-24,82922.04166666667,2016-05-24,1
2016-05-25,88693.08333333333,2016-05-25,2
2016-05-26,94388.625,2016-05-26,3
2016-05-27,99327.0,2016-05-27,4
2016-05-28,92931.04166666667,2016-05-28,5
2016-05-29,86137.16666666667,2016-05-29,6
2016-05-30,86477.875,2016-05-30,0
2016-05-31,97596.54166666667,2016-05-31,1
2016-06-01,98788.25,2016-06-01,2
2016-06-02,95910.41666666667,2016-06-02,3
2016-06-03,94147.625,2016-06-03,4
2016-06-04,86668.95833333333,2016-06-04,5
2016-06-05,83930.5,2016-06-05,6
2016-06-06,94576.08333333333,2016-06-06,0
2016-06-07,91791.79166666667,2016-06-07,1
2016-06-08,81203.20833333333,2016-06-08,2
2016-06-09,81183.33333333333,2016-06-09,3
2016-06-10,87555.16666666667,2016-06-10,4
2016-06-11,95596.66666666667,2016-06-11,5
2016-06-12,93272.95833333333,2016-06-12,6
2016-06-13,89022.33333333333,2016-06-13,0
2016-06-14,92593.75,2016-06-14,1
2016-06-15,98253.08333333333,2016-06-15,2
2016-06-16,97506.04166666667,2016-06-16,3
2016-06-17,92218.45833333333,2016-06-17,4
2016-06-18,86999.0,2016-06-18,5
2016-06-19,89972.95833333333,2016-06-19,6
2016-06-20,106760.70833333333,2016-06-20,0
2016-06-21,105437.20833333333,2016-06-21,1
2016-06-22,97870.375,2016-06-22,2
2016-06-23,97287.875,2016-06-23,3
2016-06-24,97595.25,2016-06-24,4
2016-06-25,93573.375,2016-06-25,5
2016-06-26,95217.29166666667,2016-06-26,6
2016-06-27,105486.875,2016-06-27,0
2016-06-28,100094.91666666667,2016-06-28,1
2016-06-29,94234.91666666667,2016-06-29,2
2016-06-30,94119.875,2016-06-30,3
2016-07-01,94614.95833333333,2016-07-01,4
2016-07-02,80779.08333333333,2016-07-02,5
2016-07-03,74558.5,2016-07-03,6
2016-07-04,77738.66666666667,2016-07-04,0
2016-07-05,101648.20833333333,2016-07-05,1
2016-07-06,111316.375,2016-07-06,2
2016-07-07,112733.25,2016-07-07,3
2016-07-08,110992.95833333333,2016-07-08,4
2016-07-09,96601.875,2016-07-09,5
2016-07-10,91029.79166666667,2016-07-10,6
2016-07-11,104383.08333333333,2016-07-11,0
2016-07-12,110207.45833333333,2016-07-12,1
2016-07-13,112119.54166666667,2016-07-13,2
2016-07-14,114923.29166666667,2016-07-14,3
2016-07-15,111612.25,2016-07-15,4
2016-07-16,98194.16666666667,2016-07-16,5
2016-07-17,97735.16666666667,2016-07-17,6
2016-07-18,113024.0,2016-07-18,0
2016-07-19,110468.29166666667,2016-07-19,1
2016-07-20,107550.04166666667,2016-07-20,2
2016-07-21,111690.29166666667,2016-07-21,3
2016-07-22,115956.875,2016-07-22,4
2016-07-23,115978.375,2016-07-23,5
2016-07-24,111218.625,2016-07-24,6
2016-07-25,122923.41666666667,2016-07-25,0
2016-07-26,118679.66666666667,2016-07-26,1
2016-07-27,117936.83333333333,2016-07-27,2
2016-07-28,113797.5,2016-07-28,3
2016-07-29,108837.0,2016-07-29,4
2016-07-30,98917.70833333333,2016-07-30,5
2016-07-31,98470.375,2016-07-31,6
2016-08-01,108380.58333333333,2016-08-01,0
2016-08-02,108465.375,2016-08-02,1
2016-08-03,107337.70833333333,2016-08-03,2
2016-08-04,108380.41666666667,2016-08-04,3
2016-08-05,107529.91666666667,2016-08-05,4
2016-08-06,103674.5,2016-08-06,5
2016-08-07,95805.79166666667,2016-08-07,6
2016-08-08,103197.04166666667,2016-08-08,0
2016-08-09,107246.66666666667,2016-08-09,1
2016-08-10,117589.66666666667,2016-08-10,2
2016-08-11,124203.41666666667,2016-08-11,3
2016-08-12,124120.54166666667,2016-08-12,4
2016-08-13,118206.04166666667,2016-08-13,5
2016-08-14,111702.45833333333,2016-08-14,6
2016-08-15,114018.375,2016-08-15,0
2016-08-16,116355.45833333333,2016-08-16,1
2016-08-17,115197.625,2016-08-17,2
2016-08-18,112244.20833333333,2016-08-18,3
2016-08-19,110187.16666666667,2016-08-19,4
2016-08-20,102042.66666666667,2016-08-20,5
2016-08-21,94616.95833333333,2016-08-21,6
2016-08-22,95528.08333333333,2016-08-22,0
2016-08-23,95072.16666666667,2016-08-23,1
2016-08-24,100930.54166666667,2016-08-24,2
2016-08-25,110285.08333333333,2016-08-25,3
2016-08-26,114925.83333333333,2016-08-26,4
2016-08-27,104862.70833333333,2016-08-27,5
2016-08-28,102441.79166666667,2016-08-28,6
2016-08-29,111906.66666666667,2016-08-29,0
2016-08-30,109107.16666666667,2016-08-30,1
2016-08-31,107906.125,2016-08-31,2
2016-09-01,98646.45833333333,2016-09-01,3
2016-09-02,89472.58333333333,2016-09-02,4
2016-09-03,79728.54166666667,2016-09-03,5
2016-09-04,78502.875,2016-09-04,6
2016-09-05,85580.20833333333,2016-09-05,0
2016-09-06,105631.70833333333,2016-09-06,1
2016-09-07,112498.25,2016-09-07,2
2016-09-08,115515.45833333333,2016-09-08,3
2016-09-09,114312.08333333333,2016-09-09,4
2016-09-10,105562.70833333333,2016-09-10,5
2016-09-11,90679.45833333333,2016-09-11,6
2016-09-12,90952.75,2016-09-12,0
2016-09-13,96110.33333333333,2016-09-13,1
2016-09-14,98956.25,2016-09-14,2
2016-09-15,90771.54166666667,2016-09-15,3
2016-09-16,89473.375,2016-09-16,4
2016-09-17,85740.625,2016-09-17,5
2016-09-18,88411.5,2016-09-18,6
2016-09-19,96869.83333333333,2016-09-19,0
2016-09-20,96583.20833333333,2016-09-20,1
2016-09-21,95278.16666666667,2016-09-21,2
2016-09-22,95898.625,2016-09-22,3
2016-09-23,96712.33333333333,2016-09-23,4
2016-09-24,83341.75,2016-09-24,5
2016-09-25,76433.54166666667,2016-09-25,6
2016-09-26,81542.16666666667,2016-09-26,0
2016-09-27,81908.33333333333,2016-09-27,1
2016-09-28,80781.375,2016-09-28,2
2016-09-29,80943.0,2016-09-29,3
2016-09-30,79164.95833333333,2016-09-30,4
2016-10-01,72715.20833333333,2016-10-01,5
2016-10-02,70721.79166666667,2016-10-02,6
2016-10-03,79838.45833333333,2016-10-03,0
2016-10-04,80670.08333333333,2016-10-04,1
2016-10-05,80911.75,2016-10-05,2
2016-10-06,81773.375,2016-10-06,3
2016-10-07,80919.75,2016-10-07,4
2016-10-08,72283.54166666667,2016-10-08,5
2016-10-09,67764.375,2016-10-09,6
2016-10-10,75992.5,2016-10-10,0
2016-10-11,78418.45833333333,2016-10-11,1
2016-10-12,78884.41666666667,2016-10-12,2
2016-10-13,77957.83333333333,2016-10-13,3
2016-10-14,76558.375,2016-10-14,4
2016-10-15,70943.75,2016-10-15,5
2016-10-16,70438.125,2016-10-16,6
2016-10-17,83395.95833333333,2016-10-17,0
2016-10-18,86668.58333333333,2016-10-18,1
2016-10-19,87541.41666666667,2016-10-19,2
2016-10-20,84524.20833333333,2016-10-20,3
2016-10-21,81062.58333333333,2016-10-21,4
2016-10-22,71431.375,2016-10-22,5
2016-10-23,70162.91666666667,2016-10-23,6
2016-10-24,76911.54166666667,2016-10-24,0
2016-10-25,79580.125,2016-10-25,1
2016-10-26,81791.91666666667,2016-10-26,2
2016-10-27,81518.125,2016-10-27,3
2016-10-28,78806.16666666667,2016-10-28,4
2016-10-29,73400.95833333333,2016-10-29,5
2016-10-30,70130.5,2016-10-30,6
2016-10-31,76983.79166666667,2016-10-31,0
2016-11-01,80749.33333333333,2016-11-01,1
2016-11-02,80148.375,2016-11-02,2
2016-11-03,79308.33333333333,2016-11-03,3
2016-11-04,76712.83333333333,2016-11-04,4
2016-11-05,72924.5,2016-11-05,5
2016-11-06,70764.0,2016-11-06,6
2016-11-07,80052.41666666667,2016-11-07,0
2016-11-08,81225.33333333333,2016-11-08,1
2016-11-09,80877.79166666667,2016-11-09,2
2016-11-10,81966.5,2016-11-10,3
2016-11-11,79866.83333333333,2016-11-11,4
2016-11-12,77541.04166666667,2016-11-12,5
2016-11-13,77502.95833333333,2016-11-13,6
2016-11-14,85385.08333333333,2016-11-14,0
2016-11-15,83237.16666666667,2016-11-15,1
2016-11-16,83285.45833333333,2016-11-16,2
2016-11-17,82371.58333333333,2016-11-17,3
2016-11-18,80962.04166666667,2016-11-18,4
2016-11-19,76963.83333333333,2016-11-19,5
2016-11-20,83613.625,2016-11-20,6
2016-11-21,93527.91666666667,2016-11-21,0
2016-11-22,93579.04166666667,2016-11-22,1
2016-11-23,90584.58333333333,2016-11-23,2
2016-11-24,75229.66666666667,2016-11-24,3
2016-11-25,75557.625,2016-11-25,4
2016-11-26,77428.25,2016-11-26,5
2016-11-27,79995.04166666667,2016-11-27,6
2016-11-28,88824.04166666667,2016-11-28,0
2016-11-29,84018.70833333333,2016-11-29,1
2016-11-30,82909.66666666667,2016-11-30,2
2016-12-01,85573.45833333333,2016-12-01,3
2016-12-02,89092.375,2016-12-02,4
2016-12-03,84363.25,2016-12-03,5
2016-12-04,83661.16666666667,2016-12-04,6
2016-12-05,89905.70833333333,2016-12-05,0
2016-12-06,93595.45833333333,2016-12-06,1
2016-12-07,92224.875,2016-12-07,2
2016-12-08,98068.625,2016-12-08,3
2016-12-09,102498.66666666667,2016-12-09,4
2016-12-10,97800.08333333333,2016-12-10,5
2016-12-11,94976.83333333333,2016-12-11,6
2016-12-12,95208.54166666667,2016-12-12,0
2016-12-13,97832.45833333333,2016-12-13,1
2016-12-14,100006.875,2016-12-14,2
2016-12-15,112697.5,2016-12-15,3
2016-12-16,116626.04166666667,2016-12-16,4
2016-12-17,98107.0,2016-12-17,5
2016-12-18,89429.54166666667,2016-12-18,6
2016-12-19,105815.66666666667,2016-12-19,0
2016-12-20,107418.20833333333,2016-12-20,1
2016-12-21,102821.25,2016-12-21,2
2016-12-22,95333.54166666667,2016-12-22,3
2016-12-23,92738.0,2016-12-23,4
2016-12-24,82934.66666666667,2016-12-24,5
2016-12-25,77664.66666666667,2016-12-25,6
2016-12-26,80892.0,2016-12-26,0
2016-12-27,83070.33333333333,2016-12-27,1
2016-12-28,88988.375,2016-12-28,2
2016-12-29,91774.33333333333,2016-12-29,3
2016-12-30,93379.375,2016-12-30,4
2016-12-31,89504.29166666667,2016-12-31,5
2017-01-01,79508.79166666667,2017-01-01,6
2017-01-02,84377.79166666667,2017-01-02,0
2017-01-03,89354.375,2017-01-03,1
2017-01-04,92950.79166666667,2017-01-04,2
2017-01-05,104918.875,2017-01-05,3
2017-01-06,107462.95833333333,2017-01-06,4
2017-01-07,110152.25,2017-01-07,5
2017-01-08,112231.83333333333,2017-01-08,6
2017-01-09,117327.20833333333,2017-01-09,0
2017-01-10,108686.83333333333,2017-01-10,1
2017-01-11,94028.5,2017-01-11,2
2017-01-12,87153.125,2017-01-12,3
2017-01-13,88759.33333333333,2017-01-13,4
2017-01-14,90434.58333333333,2017-01-14,5
2017-01-15,86740.29166666667,2017-01-15,6
2017-01-16,93864.75,2017-01-16,0
2017-01-17,90729.45833333333,2017-01-17,1
2017-01-18,89261.25,2017-01-18,2
2017-01-19,90202.70833333333,2017-01-19,3
2017-01-20,90032.83333333333,2017-01-20,4
2017-01-21,79544.95833333333,2017-01-21,5
2017-01-22,76862.29166666667,2017-01-22,6
2017-01-23,89331.375,2017-01-23,0
2017-01-24,92879.08333333333,2017-01-24,1
2017-01-25,89063.04166666667,2017-01-25,2
2017-01-26,89983.79166666667,2017-01-26,3
2017-01-27,95676.79166666667,2017-01-27,4
2017-01-28,91539.375,2017-01-28,5
2017-01-29,88528.0,2017-01-29,6
2017-01-30,99688.04166666667,2017-01-30,0
2017-01-31,98716.70833333333,2017-01-31,1
2017-02-01,93309.54166666667,2017-02-01,2
2017-02-02,94967.33333333333,2017-02-02,3
2017-02-03,101243.95833333333,2017-02-03,4
2017-02-04,97283.625,2017-02-04,5
2017-02-05,87941.54166666667,2017-02-05,6
2017-02-06,89603.875,2017-02-06,0
2017-02-07,85830.875,2017-02-07,1
2017-02-08,84773.20833333333,2017-02-08,2
2017-02-09,97884.66666666667,2017-02-09,3
2017-02-10,103408.41666666667,2017-02-10,4
2017-02-11,84062.375,2017-02-11,5
2017-02-12,79018.375,2017-02-12,6
2017-02-13,91976.125,2017-02-13,0
2017-02-14,93799.08333333333,2017-02-14,1
2017-02-15,93092.91666666667,2017-02-15,2
2017-02-16,97601.95833333333,2017-02-16,3
2017-02-17,92142.41666666667,2017-02-17,4
2017-02-18,78534.25,2017-02-18,5
2017-02-19,71300.16666666667,2017-02-19,6
2017-02-20,79909.625,2017-02-20,0
2017-02-21,83367.79166666667,2017-02-21,1
2017-02-22,82031.41666666667,2017-02-22,2
2017-02-23,79981.29166666667,2017-02-23,3
2017-02-24,78321.29166666667,2017-02-24,4
2017-02-25,74667.58333333333,2017-02-25,5
2017-02-26,79669.08333333333,2017-02-26,6
2017-02-27,88344.125,2017-02-27,0
2017-02-28,83938.625,2017-02-28,1
2017-03-01,80919.91666666667,2017-03-01,2
2017-03-02,86251.20833333333,2017-03-02,3
2017-03-03,93282.79166666667,2017-03-03,4
2017-03-04,90503.83333333333,2017-03-04,5
2017-03-05,87508.41666666667,2017-03-05,6
2017-03-06,88950.45833333333,2017-03-06,0
2017-03-07,83549.04166666667,2017-03-07,1
2017-03-08,81594.0,2017-03-08,2
2017-03-09,81946.16666666667,2017-03-09,3
2017-03-10,88294.58333333333,2017-03-10,4
2017-03-11,91881.625,2017-03-11,5
2017-03-12,89921.82608695653,2017-03-12,6
2017-03-13,97906.5,2017-03-13,0
2017-03-14,99786.625,2017-03-14,1
2017-03-15,107352.41666666667,2017-03-15,2
2017-03-16,100801.70833333333,2017-03-16,3
2017-03-17,95730.16666666667,2017-03-17,4
2017-03-18,84326.0,2017-03-18,5
2017-03-19,81328.58333333333,2017-03-19,6
2017-03-20,87999.29166666667,2017-03-20,0
2017-03-21,83404.33333333333,2017-03-21,1
2017-03-22,87355.16666666667,2017-03-22,2
2017-03-23,92238.20833333333,2017-03-23,3
2017-03-24,85148.95833333333,2017-03-24,4
2017-03-25,72682.70833333333,2017-03-25,5
2017-03-26,72287.25,2017-03-26,6
2017-03-27,79944.75,2017-03-27,0
2017-03-28,80200.79166666667,2017-03-28,1
2017-03-29,79410.70833333333,2017-03-29,2
2017-03-30,82298.16666666667,2017-03-30,3
2017-03-31,83353.20833333333,2017-03-31,4
2017-04-01,76052.625,2017-04-01,5
2017-04-02,72174.08333333333,2017-04-02,6
2017-04-03,79024.125,2017-04-03,0
2017-04-04,79174.70833333333,2017-04-04,1
2017-04-05,78817.75,2017-04-05,2
2017-04-06,81495.08333333333,2017-04-06,3
2017-04-07,84857.70833333333,2017-04-07,4
2017-04-08,76096.58333333333,2017-04-08,5
2017-04-09,70666.08333333333,2017-04-09,6
2017-04-10,77509.125,2017-04-10,0
2017-04-11,78956.79166666667,2017-04-11,1
2017-04-12,78637.625,2017-04-12,2
2017-04-13,76500.0,2017-04-13,3
2017-04-14,72511.875,2017-04-14,4
2017-04-15,69305.20833333333,2017-04-15,5
2017-04-16,69765.33333333333,2017-04-16,6
2017-04-17,77060.5,2017-04-17,0
2017-04-18,76777.29166666667,2017-04-18,1
2017-04-19,77915.125,2017-04-19,2
2017-04-20,80462.16666666667,2017-04-20,3
2017-04-21,78727.45833333333,2017-04-21,4
2017-04-22,70971.41666666667,2017-04-22,5
2017-04-23,68507.25,2017-04-23,6
2017-04-24,77484.83333333333,2017-04-24,0
2017-04-25,79008.91666666667,2017-04-25,1
2017-04-26,80119.20833333333,2017-04-26,2
2017-04-27,80607.04166666667,2017-04-27,3
2017-04-28,81471.5,2017-04-28,4
2017-04-29,79648.45833333333,2017-04-29,5
2017-04-30,77231.45833333333,2017-04-30,6
2017-05-01,82892.08333333333,2017-05-01,0
2017-05-02,80607.16666666667,2017-05-02,1
2017-05-03,76978.45833333333,2017-05-03,2
2017-05-04,77149.54166666667,2017-05-04,3
2017-05-05,78655.54166666667,2017-05-05,4
2017-05-06,70789.0,2017-05-06,5
2017-05-07,68631.54166666667,2017-05-07,6
2017-05-08,77422.04166666667,2017-05-08,0
2017-05-09,78205.91666666667,2017-05-09,1
2017-05-10,78220.16666666667,2017-05-10,2
2017-05-11,78187.125,2017-05-11,3
2017-05-12,76568.91666666667,2017-05-12,4
2017-05-13,71225.08333333333,2017-05-13,5
2017-05-14,68576.79166666667,2017-05-14,6
2017-05-15,78167.0,2017-05-15,0
2017-05-16,84095.04166666667,2017-05-16,1
2017-05-17,94478.04166666667,2017-05-17,2
2017-05-18,101087.58333333333,2017-05-18,3
2017-05-19,97205.45833333333,2017-05-19,4
2017-05-20,77037.83333333333,2017-05-20,5
2017-05-21,70467.625,2017-05-21,6
2017-05-22,79151.41666666667,2017-05-22,0
2017-05-23,79177.04166666667,2017-05-23,1
2017-05-24,78573.45833333333,2017-05-24,2
2017-05-25,79008.29166666667,2017-05-25,3
2017-05-26,78571.125,2017-05-26,4
2017-05-27,73464.04166666667,2017-05-27,5
2017-05-28,71617.45833333333,2017-05-28,6
2017-05-29,74398.125,2017-05-29,0
2017-05-30,82141.375,2017-05-30,1
2017-05-31,84415.0,2017-05-31,2
2017-06-01,85391.16666666667,2017-06-01,3
2017-06-02,84561.45833333333,2017-06-02,4
2017-06-03,78672.79166666667,2017-06-03,5
2017-06-04,81147.58333333333,2017-06-04,6
2017-06-05,87760.16666666667,2017-06-05,0
2017-06-06,83224.58333333333,2017-06-06,1
2017-06-07,79249.33333333333,2017-06-07,2
2017-06-08,80302.0,2017-06-08,3
2017-06-09,84465.33333333333,2017-06-09,4
2017-06-10,86753.375,2017-06-10,5
2017-06-11,95464.29166666667,2017-06-11,6
2017-06-12,112259.58333333333,2017-06-12,0
2017-06-13,114538.70833333333,2017-06-13,1
2017-06-14,108542.25,2017-06-14,2
2017-06-15,102153.75,2017-06-15,3
2017-06-16,99613.58333333333,2017-06-16,4
2017-06-17,95984.41666666667,2017-06-17,5
2017-06-18,98147.95833333333,2017-06-18,6
2017-06-19,103072.04166666667,2017-06-19,0
2017-06-20,96102.625,2017-06-20,1
2017-06-21,97868.08333333333,2017-06-21,2
2017-06-22,104921.70833333333,2017-06-22,3
2017-06-23,104012.70833333333,2017-06-23,4
2017-06-24,93434.33333333333,2017-06-24,5
2017-06-25,83694.70833333333,2017-06-25,6
2017-06-26,87247.625,2017-06-26,0
2017-06-27,86253.375,2017-06-27,1
2017-06-28,86476.83333333333,2017-06-28,2
2017-06-29,97634.75,2017-06-29,3
2017-06-30,105281.20833333333,2017-06-30,4
2017-07-01,97901.45833333333,2017-07-01,5
2017-07-02,95652.25,2017-07-02,6
2017-07-03,100829.41666666667,2017-07-03,0
2017-07-04,94041.29166666667,2017-07-04,1
2017-07-05,100633.91666666667,2017-07-05,2
2017-07-06,100550.04166666667,2017-07-06,3
2017-07-07,102264.79166666667,2017-07-07,4
2017-07-08,92638.16666666667,2017-07-08,5
2017-07-09,87546.20833333333,2017-07-09,6
2017-07-10,100350.875,2017-07-10,0
2017-07-11,107833.54166666667,2017-07-11,1
2017-07-12,112803.625,2017-07-12,2
2017-07-13,115119.875,2017-07-13,3
2017-07-14,106790.25,2017-07-14,4
2017-07-15,96105.58333333333,2017-07-15,5
2017-07-16,93136.5,2017-07-16,6
2017-07-17,105276.95833333333,2017-07-17,0
2017-07-18,110786.20833333333,2017-07-18,1
2017-07-19,117481.04166666667,2017-07-19,2
2017-07-20,119743.79166666667,2017-07-20,3
2017-07-21,118662.45833333333,2017-07-21,4
2017-07-22,108324.79166666667,2017-07-22,5
2017-07-23,100888.58333333333,2017-07-23,6
2017-07-24,103797.70833333333,2017-07-24,0
2017-07-25,96561.04166666667,2017-07-25,1
2017-07-26,97745.125,2017-07-26,2
2017-07-27,102185.16666666667,2017-07-27,3
2017-07-28,100139.95833333333,2017-07-28,4
2017-07-29,83571.04166666667,2017-07-29,5
2017-07-30,82918.33333333333,2017-07-30,6
2017-07-31,99194.41666666667,2017-07-31,0
2017-08-01,104939.04166666667,2017-08-01,1
2017-08-02,105513.79166666667,2017-08-02,2
2017-08-03,105188.66666666667,2017-08-03,3
2017-08-04,100488.375,2017-08-04,4
2017-08-05,85474.54166666667,2017-08-05,5
2017-08-06,78901.58333333333,2017-08-06,6
2017-08-07,88734.33333333333,2017-08-07,0
2017-08-08,91111.04166666667,2017-08-08,1
2017-08-09,93639.0,2017-08-09,2
2017-08-10,95533.875,2017-08-10,3
2017-08-11,95739.08333333333,2017-08-11,4
2017-08-12,89147.20833333333,2017-08-12,5
2017-08-13,86585.875,2017-08-13,6
2017-08-14,94998.25,2017-08-14,0
2017-08-15,100937.375,2017-08-15,1
2017-08-16,106476.83333333333,2017-08-16,2
2017-08-17,108644.0,2017-08-17,3
2017-08-18,109016.70833333333,2017-08-18,4
2017-08-19,99183.45833333333,2017-08-19,5
2017-08-20,93665.04166666667,2017-08-20,6
2017-08-21,107920.875,2017-08-21,0
2017-08-22,111643.91666666667,2017-08-22,1
2017-08-23,100470.0,2017-08-23,2
2017-08-24,90616.20833333333,2017-08-24,3
2017-08-25,86727.45833333333,2017-08-25,4
2017-08-26,79756.04166666667,2017-08-26,5
2017-08-27,77131.83333333333,2017-08-27,6
2017-08-28,86088.16666666667,2017-08-28,0
2017-08-29,85866.58333333333,2017-08-29,1
2017-08-30,87872.08333333333,2017-08-30,2
2017-08-31,90900.41666666667,2017-08-31,3
2017-09-01,79419.58333333333,2017-09-01,4
2017-09-02,70354.75,2017-09-02,5
2017-09-03,71531.625,2017-09-03,6
2017-09-04,78372.75,2017-09-04,0
2017-09-05,90128.33333333333,2017-09-05,1
2017-09-06,82769.0,2017-09-06,2
2017-09-07,79560.0,2017-09-07,3
2017-09-08,78439.375,2017-09-08,4
2017-09-09,71522.58333333333,2017-09-09,5
2017-09-10,69127.29166666667,2017-09-10,6
2017-09-11,78324.54166666667,2017-09-11,0
2017-09-12,81491.29166666667,2017-09-12,1
2017-09-13,85548.20833333333,2017-09-13,2
2017-09-14,88319.70833333333,2017-09-14,3
2017-09-15,90521.29166666667,2017-09-15,4
2017-09-16,86966.08333333333,2017-09-16,5
2017-09-17,85574.75,2017-09-17,6
2017-09-18,91807.375,2017-09-18,0
2017-09-19,92760.625,2017-09-19,1
2017-09-20,97605.04166666667,2017-09-20,2
2017-09-21,101511.125,2017-09-21,3
2017-09-22,99409.91666666667,2017-09-22,4
2017-09-23,92532.75,2017-09-23,5
2017-09-24,92614.29166666667,2017-09-24,6
2017-09-25,103244.79166666667,2017-09-25,0
2017-09-26,102626.375,2017-09-26,1
2017-09-27,101431.375,2017-09-27,2
2017-09-28,89435.04166666667,2017-09-28,3
2017-09-29,78933.875,2017-09-29,4
2017-09-30,69898.25,2017-09-30,5
2017-10-01,67775.25,2017-10-01,6
2017-10-02,78192.70833333333,2017-10-02,0
2017-10-03,81197.20833333333,2017-10-03,1
2017-10-04,83250.66666666667,2017-10-04,2
2017-10-05,84111.79166666667,2017-10-05,3
2017-10-06,85503.625,2017-10-06,4
2017-10-07,81994.16666666667,2017-10-07,5
2017-10-08,81921.58333333333,2017-10-08,6
2017-10-09,92928.54166666667,2017-10-09,0
2017-10-10,92370.20833333333,2017-10-10,1
2017-10-11,87029.70833333333,2017-10-11,2
2017-10-12,80826.58333333333,2017-10-12,3
2017-10-13,78660.41666666667,2017-10-13,4
2017-10-14,73834.375,2017-10-14,5
2017-10-15,73619.83333333333,2017-10-15,6
2017-10-16,77092.83333333333,2017-10-16,0
2017-10-17,77749.91666666667,2017-10-17,1
2017-10-18,78787.0,2017-10-18,2
2017-10-19,78266.08333333333,2017-10-19,3
2017-10-20,77409.16666666667,2017-10-20,4
2017-10-21,71112.04166666667,2017-10-21,5
2017-10-22,69496.29166666667,2017-10-22,6
2017-10-23,78932.79166666667,2017-10-23,0
2017-10-24,80790.29166666667,2017-10-24,1
2017-10-25,78847.16666666667,2017-10-25,2
2017-10-26,79899.5,2017-10-26,3
2017-10-27,79542.70833333333,2017-10-27,4
2017-10-28,73633.75,2017-10-28,5
2017-10-29,74089.29166666667,2017-10-29,6
2017-10-30,82634.5,2017-10-30,0
2017-10-31,82683.70833333333,2017-10-31,1
2017-11-01,84487.125,2017-11-01,2
2017-11-02,80773.625,2017-11-02,3
2017-11-03,78728.45833333333,2017-11-03,4
2017-11-04,72890.70833333333,2017-11-04,5
2017-11-05,70756.8,2017-11-05,6
2017-11-06,79142.04166666667,2017-11-06,0
2017-11-07,83801.95833333333,2017-11-07,1
2017-11-08,86006.66666666667,2017-11-08,2
2017-11-09,85839.66666666667,2017-11-09,3
2017-11-10,89168.79166666667,2017-11-10,4
2017-11-11,90175.04166666667,2017-11-11,5
2017-11-12,84432.375,2017-11-12,6
2017-11-13,89382.375,2017-11-13,0
2017-11-14,89687.83333333333,2017-11-14,1
2017-11-15,89901.16666666667,2017-11-15,2
2017-11-16,86908.08333333333,2017-11-16,3
2017-11-17,87683.33333333333,2017-11-17,4
2017-11-18,82775.5,2017-11-18,5
2017-11-19,79325.20833333333,2017-11-19,6
2017-11-20,90681.625,2017-11-20,0
2017-11-21,88830.54166666667,2017-11-21,1
2017-11-22,86850.75,2017-11-22,2
2017-11-23,82241.95833333333,2017-11-23,3
2017-11-24,81682.125,2017-11-24,4
2017-11-25,77383.41666666667,2017-11-25,5
2017-11-26,78151.66666666667,2017-11-26,6
2017-11-27,87506.16666666667,2017-11-27,0
2017-11-28,87146.375,2017-11-28,1
2017-11-29,84950.125,2017-11-29,2
2017-11-30,86768.29166666667,2017-11-30,3
2017-12-01,85595.95833333333,2017-12-01,4
2017-12-02,84175.5,2017-12-02,5
2017-12-03,80950.91666666667,2017-12-03,6
2017-12-04,89596.41666666667,2017-12-04,0
2017-12-05,87362.54166666667,2017-12-05,1
2017-12-06,91512.70833333333,2017-12-06,2
2017-12-07,95414.41666666667,2017-12-07,3
2017-12-08,98717.75,2017-12-08,4
2017-12-09,96572.0,2017-12-09,5
2017-12-10,93748.54166666667,2017-12-10,6
2017-12-11,97690.66666666667,2017-12-11,0
2017-12-12,99978.08333333333,2017-12-12,1
2017-12-13,108617.5,2017-12-13,2
2017-12-14,102883.375,2017-12-14,3
2017-12-15,106800.95833333333,2017-12-15,4
2017-12-16,95627.54166666667,2017-12-16,5
2017-12-17,90392.625,2017-12-17,6
2017-12-18,92102.29166666667,2017-12-18,0
2017-12-19,88837.66666666667,2017-12-19,1
2017-12-20,90808.54166666667,2017-12-20,2
2017-12-21,95406.70833333333,2017-12-21,3
2017-12-22,90072.91666666667,2017-12-22,4
2017-12-23,81877.83333333333,2017-12-23,5
2017-12-24,83286.08333333333,2017-12-24,6
2017-12-25,89003.58333333333,2017-12-25,0
2017-12-26,100365.08333333333,2017-12-26,1
2017-12-27,108409.125,2017-12-27,2
2017-12-28,116048.125,2017-12-28,3
2017-12-29,111177.0,2017-12-29,4
2017-12-30,105779.95833333333,2017-12-30,5
2017-12-31,111350.54166666667,2017-12-31,6
2018-01-01,116323.04166666667,2018-01-01,0
2018-01-02,123242.95833333333,2018-01-02,1
2018-01-03,121171.0,2018-01-03,2
2018-01-04,120569.66666666667,2018-01-04,3
2018-01-05,127762.08333333333,2018-01-05,4
2018-01-06,125435.29166666667,2018-01-06,5
2018-01-07,120146.58333333333,2018-01-07,6
2018-01-08,112185.41666666667,2018-01-08,0
2018-01-09,100891.125,2018-01-09,1
2018-01-10,99476.875,2018-01-10,2
2018-01-11,90097.04166666667,2018-01-11,3
2018-01-12,88045.66666666667,2018-01-12,4
2018-01-13,96089.91666666667,2018-01-13,5
2018-01-14,108369.08333333333,2018-01-14,6
2018-01-15,114322.5,2018-01-15,0
2018-01-16,109940.04166666667,2018-01-16,1
2018-01-17,114427.91666666667,2018-01-17,2
2018-01-18,114479.875,2018-01-18,3
2018-01-19,103937.54166666667,2018-01-19,4
2018-01-20,89373.375,2018-01-20,5
2018-01-21,83310.70833333333,2018-01-21,6
2018-01-22,86186.41666666667,2018-01-22,0
2018-01-23,88002.0,2018-01-23,1
2018-01-24,95809.95833333333,2018-01-24,2
2018-01-25,99538.25,2018-01-25,3
2018-01-26,97466.29166666667,2018-01-26,4
2018-01-27,85367.58333333333,2018-01-27,5
2018-01-28,79806.91666666667,2018-01-28,6
2018-01-29,93967.41666666667,2018-01-29,0
2018-01-30,104131.79166666667,2018-01-30,1
2018-01-31,105844.75,2018-01-31,2
2018-02-01,97142.70833333333,2018-02-01,3
2018-02-02,105361.375,2018-02-02,4
2018-02-03,104044.54166666667,2018-02-03,5
2018-02-04,95012.41666666667,2018-02-04,6
2018-02-05,103150.54166666667,2018-02-05,0
2018-02-06,104177.5,2018-02-06,1
2018-02-07,103269.08333333333,2018-02-07,2
2018-02-08,103894.91666666667,2018-02-08,3
2018-02-09,101816.41666666667,2018-02-09,4
2018-02-10,89292.08333333333,2018-02-10,5
2018-02-11,83291.75,2018-02-11,6
2018-02-12,92060.75,2018-02-12,0
2018-02-13,98452.75,2018-02-13,1
2018-02-14,92028.54166666667,2018-02-14,2
2018-02-15,84278.45833333333,2018-02-15,3
2018-02-16,84194.33333333333,2018-02-16,4
2018-02-17,89463.16666666667,2018-02-17,5
2018-02-18,84108.08333333333,2018-02-18,6
2018-02-19,89396.125,2018-02-19,0
2018-02-20,82237.70833333333,2018-02-20,1
2018-02-21,81870.08333333333,2018-02-21,2
2018-02-22,85470.0,2018-02-22,3
2018-02-23,86579.75,2018-02-23,4
2018-02-24,78903.16666666667,2018-02-24,5
2018-02-25,76768.58333333333,2018-02-25,6
2018-02-26,84944.91666666667,2018-02-26,0
2018-02-27,86698.33333333333,2018-02-27,1
2018-02-28,84529.16666666667,2018-02-28,2
2018-03-01,84888.83333333333,2018-03-01,3
2018-03-02,89298.91666666667,2018-03-02,4
2018-03-03,84198.5,2018-03-03,5
2018-03-04,82366.41666666667,2018-03-04,6
2018-03-05,92207.54166666667,2018-03-05,0
2018-03-06,92208.625,2018-03-06,1
2018-03-07,93741.66666666667,2018-03-07,2
2018-03-08,96084.16666666667,2018-03-08,3
2018-03-09,95979.91666666667,2018-03-09,4
2018-03-10,87721.04166666667,2018-03-10,5
2018-03-11,83894.47826086957,2018-03-11,6
2018-03-12,95255.16666666667,2018-03-12,0
2018-03-13,96839.79166666667,2018-03-13,1
2018-03-14,98604.66666666667,2018-03-14,2
2018-03-15,94082.83333333333,2018-03-15,3
2018-03-16,92404.83333333333,2018-03-16,4
2018-03-17,87457.83333333333,2018-03-17,5
2018-03-18,79978.91666666667,2018-03-18,6
2018-03-19,86664.5,2018-03-19,0
2018-03-20,94259.16666666667,2018-03-20,1
2018-03-21,98466.04166666667,2018-03-21,2
2018-03-22,93975.5,2018-03-22,3
2018-03-23,90885.375,2018-03-23,4
2018-03-24,85856.91666666667,2018-03-24,5
2018-03-25,83677.20833333333,2018-03-25,6
2018-03-26,89421.58333333333,2018-03-26,0
2018-03-27,90011.29166666667,2018-03-27,1
2018-03-28,85122.79166666667,2018-03-28,2
2018-03-29,81273.54166666667,2018-03-29,3
2018-03-30,77556.70833333333,2018-03-30,4
2018-03-31,75426.41666666667,2018-03-31,5
2018-04-01,71915.875,2018-04-01,6
2018-04-02,84132.08333333333,2018-04-02,0
2018-04-03,86367.66666666667,2018-04-03,1
2018-04-04,85017.08333333333,2018-04-04,2
2018-04-05,88308.70833333333,2018-04-05,3
2018-04-06,85175.16666666667,2018-04-06,4
2018-04-07,81679.70833333333,2018-04-07,5
2018-04-08,81895.33333333333,2018-04-08,6
2018-04-09,90542.5,2018-04-09,0
2018-04-10,87702.0,2018-04-10,1
2018-04-11,85194.875,2018-04-11,2
2018-04-12,80827.5,2018-04-12,3
2018-04-13,77945.25,2018-04-13,4
2018-04-14,74234.91666666667,2018-04-14,5
2018-04-15,73817.70833333333,2018-04-15,6
2018-04-16,85389.875,2018-04-16,0
2018-04-17,89359.95833333333,2018-04-17,1
2018-04-18,85582.25,2018-04-18,2
2018-04-19,84060.0,2018-04-19,3
2018-04-20,82899.75,2018-04-20,4
2018-04-21,74904.04166666667,2018-04-21,5
2018-04-22,68806.58333333333,2018-04-22,6
2018-04-23,77107.33333333333,2018-04-23,0
2018-04-24,75244.625,2018-04-24,1
2018-04-25,78470.875,2018-04-25,2
2018-04-26,76934.45833333333,2018-04-26,3
2018-04-27,76520.875,2018-04-27,4
2018-04-28,71234.29166666667,2018-04-28,5
2018-04-29,70320.91666666667,2018-04-29,6
2018-04-30,78914.83333333333,2018-04-30,0
2018-05-01,78850.20833333333,2018-05-01,1
2018-05-02,83492.375,2018-05-02,2
2018-05-03,89518.75,2018-05-03,3
2018-05-04,89091.45833333333,2018-05-04,4
2018-05-05,74507.45833333333,2018-05-05,5
2018-05-06,69758.66666666667,2018-05-06,6
2018-05-07,77927.04166666667,2018-05-07,0
2018-05-08,80064.58333333333,2018-05-08,1
2018-05-09,81839.45833333333,2018-05-09,2
2018-05-10,82835.04166666667,2018-05-10,3
2018-05-11,81522.91666666667,2018-05-11,4
2018-05-12,77703.375,2018-05-12,5
2018-05-13,74151.41666666667,2018-05-13,6
2018-05-14,85186.08333333333,2018-05-14,0
2018-05-15,91269.04166666667,2018-05-15,1
2018-05-16,85554.20833333333,2018-05-16,2
2018-05-17,84552.5,2018-05-17,3
2018-05-18,81399.875,2018-05-18,4
2018-05-19,75348.29166666667,2018-05-19,5
2018-05-20,78902.33333333333,2018-05-20,6
2018-05-21,87184.45833333333,2018-05-21,0
2018-05-22,86295.5,2018-05-22,1
2018-05-23,87969.375,2018-05-23,2
2018-05-24,89441.41666666667,2018-05-24,3
2018-05-25,93508.625,2018-05-25,4
2018-05-26,92642.83333333333,2018-05-26,5
2018-05-27,89263.5,2018-05-27,6
2018-05-28,87640.95833333333,2018-05-28,0
2018-05-29,100591.41666666667,2018-05-29,1
2018-05-30,100275.45833333333,2018-05-30,2
2018-05-31,100100.16666666667,2018-05-31,3
2018-06-01,99407.33333333333,2018-06-01,4
2018-06-02,89778.25,2018-06-02,5
2018-06-03,79568.875,2018-06-03,6
2018-06-04,82955.375,2018-06-04,0
2018-06-05,83565.83333333333,2018-06-05,1
2018-06-06,81871.95833333333,2018-06-06,2
2018-06-07,86425.58333333333,2018-06-07,3
2018-06-08,90813.875,2018-06-08,4
2018-06-09,87989.91666666667,2018-06-09,5
2018-06-10,81284.66666666667,2018-06-10,6
2018-06-11,83289.04166666667,2018-06-11,0
2018-06-12,85969.04166666667,2018-06-12,1
2018-06-13,94932.41666666667,2018-06-13,2
2018-06-14,95916.16666666667,2018-06-14,3
2018-06-15,93208.5,2018-06-15,4
2018-06-16,92119.33333333333,2018-06-16,5
2018-06-17,100526.70833333333,2018-06-17,6
2018-06-18,118939.0,2018-06-18,0
2018-06-19,113333.66666666667,2018-06-19,1
2018-06-20,102486.375,2018-06-20,2
2018-06-21,98210.08333333333,2018-06-21,3
2018-06-22,90805.41666666667,2018-06-22,4
2018-06-23,83793.91666666667,2018-06-23,5
2018-06-24,90249.08333333333,2018-06-24,6
2018-06-25,95335.83333333333,2018-06-25,0
2018-06-26,92516.08333333333,2018-06-26,1
2018-06-27,93890.5,2018-06-27,2
2018-06-28,105013.25,2018-06-28,3
2018-06-29,111434.83333333333,2018-06-29,4
2018-06-30,111198.70833333333,2018-06-30,5
2018-07-01,112482.29166666667,2018-07-01,6
2018-07-02,119731.41666666667,2018-07-02,0
2018-07-03,119316.08333333333,2018-07-03,1
2018-07-04,111521.625,2018-07-04,2
2018-07-05,116496.875,2018-07-05,3
2018-07-06,105240.45833333333,2018-07-06,4
2018-07-07,84325.91666666667,2018-07-07,5
2018-07-08,84716.54166666667,2018-07-08,6
2018-07-09,101740.20833333333,2018-07-09,0
2018-07-10,111073.70833333333,2018-07-10,1
2018-07-11,109362.25,2018-07-11,2
2018-07-12,104385.20833333333,2018-07-12,3
2018-07-13,105906.875,2018-07-13,4
2018-07-14,101642.75,2018-07-14,5
2018-07-15,101477.08333333333,2018-07-15,6
2018-07-16,116251.125,2018-07-16,0
2018-07-17,112553.45833333333,2018-07-17,1
2018-07-18,101077.58333333333,2018-07-18,2
2018-07-19,99601.25,2018-07-19,3
2018-07-20,98809.75,2018-07-20,4
2018-07-21,85512.04166666667,2018-07-21,5
2018-07-22,85651.25,2018-07-22,6
2018-07-23,100611.08333333333,2018-07-23,0
2018-07-24,104213.66666666667,2018-07-24,1
2018-07-25,104784.04166666667,2018-07-25,2
2018-07-26,105997.29166666667,2018-07-26,3
2018-07-27,102650.875,2018-07-27,4
2018-07-28,92413.375,2018-07-28,5
2018-07-29,88349.79166666667,2018-07-29,6
2018-07-30,94588.66666666667,2018-07-30,0
2018-07-31,96856.66666666667,2018-07-31,1
2018-08-01,103522.0,2018-08-01,2
2018-08-02,105221.54166666667,2018-08-02,3
