date;dayofyear;energy_total_east_min;energy_total_east_max;
01.06.2013;152;72181.0;116339.0;
02.06.2013;153;70988.0;102614.0;
03.06.2013;154;70349.0;103715.0;
04.06.2013;155;65844.0;98277.0;
05.06.2013;156;64167.0;101568.0;
06.06.2013;157;66261.0;95279.0;
07.06.2013;158;66488.0;93838.0;
08.06.2013;159;62523.0;89541.0;
09.06.2013;160;61264.0;97360.0;
10.06.2013;161;69931.0;105549.0;
11.06.2013;162;69825.0;115915.0;
12.06.2013;163;72461.0;124286.0;
13.06.2013;164;75670.0;109604.0;
14.06.2013;165;66648.0;98916.0;
15.06.2013;166;62885.0;96981.0;
16.06.2013;167;63710.0;99420.0;
17.06.2013;168;70853.0;126024.0;
18.06.2013;169;73913.0;107575.0;
19.06.2013;170;67980.0;105590.0;
20.06.2013;171;66931.0;114140.0;
21.06.2013;172;69430.0;116061.0;
22.06.2013;173;68709.0;114867.0;
23.06.2013;174;69070.0;120924.0;
24.06.2013;175;78237.0;136649.0;
25.06.2013;176;79077.0;139778.0;
26.06.2013;177;80206.0;131574.0;
27.06.2013;178;78790.0;129345.0;
28.06.2013;179;79045.0;126663.0;
29.06.2013;180;70744.0;108697.0;
30.06.2013;181;69959.0;106172.0;
01.07.2013;182;73506.0;111819.0;
02.07.2013;183;74400.0;115771.0;
03.07.2013;184;74378.0;120904.0;
04.07.2013;185;73546.0;114194.0;
05.07.2013;186;73932.0;127281.0;
06.07.2013;187;76526.0;125513.0;
07.07.2013;188;75835.0;125043.0;
08.07.2013;189;79623.0;133358.0;
09.07.2013;190;82103.0;133400.0;
10.07.2013;191;85867.0;134630.0;
11.07.2013;192;80785.0;124015.0;
12.07.2013;193;75149.0;109268.0;
13.07.2013;194;70567.0;116224.0;
14.07.2013;195;74215.0;131619.0;
15.07.2013;196;84614.0;150318.0;
16.07.2013;197;91551.0;151423.0;
17.07.2013;198;91803.0;154049.0;
18.07.2013;199;95093.0;157509.0;
19.07.2013;200;99346.0;156081.0;
20.07.2013;201;90143.0;133364.0;
21.07.2013;202;78787.0;124638.0;
22.07.2013;203;82375.0;132866.0;
23.07.2013;204;82816.0;134386.0;
24.07.2013;205;78668.0;117465.0;
25.07.2013;206;71035.0;106321.0;
26.07.2013;207;69705.0;112677.0;
27.07.2013;208;69105.0;100001.0;
28.07.2013;209;66551.0;98841.0;
29.07.2013;210;69265.0;112091.0;
30.07.2013;211;69263.0;111489.0;
31.07.2013;212;71091.0;108942.0;
01.08.2013;213;73518.0;113107.0;
02.08.2013;214;71603.0;117272.0;
03.08.2013;215;70874.0;99077.0;
04.08.2013;216;64708.0;97545.0;
05.08.2013;217;66074.0;106291.0;
06.08.2013;218;69342.0;109265.0;
07.08.2013;219;73408.0;119616.0;
08.08.2013;220;77035.0;124230.0;
09.08.2013;221;79612.0;126586.0;
10.08.2013;222;76044.0;110917.0;
11.08.2013;223;68459.0;111442.0;
12.08.2013;224;74824.0;128068.0;
13.08.2013;225;79041.0;117164.0;
14.08.2013;226;69802.0;97731.0;
15.08.2013;227;65142.0;99062.0;
16.08.2013;228;65435.0;101721.0;
17.08.2013;229;64149.0;95054.0;
18.08.2013;230;63953.0;92468.0;
19.08.2013;231;67137.0;110592.0;
20.08.2013;232;71278.0;127893.0;
21.08.2013;233;75600.0;133450.0;
22.08.2013;234;79873.0;123570.0;
23.08.2013;235;76461.0;113717.0;
24.08.2013;236;66442.0;105762.0;
25.08.2013;237;64167.0;109618.0;
26.08.2013;238;70463.0;129088.0;
27.08.2013;239;79889.0;137628.0;
28.08.2013;240;84690.0;123266.0;
29.08.2013;241;79308.0;130985.0;
30.08.2013;242;76849.0;135416.0;
31.08.2013;243;75785.0;119220.0;
01.09.2013;244;73033.0;118030.0;
02.09.2013;245;73987.0;116053.0;
03.09.2013;246;73118.0;114420.0;
04.09.2013;247;67897.0;113884.0;
05.09.2013;248;69779.0;110929.0;
06.09.2013;249;66622.0;102214.0;
07.09.2013;250;63816.0;98061.0;
08.09.2013;251;65941.0;105921.0;
09.09.2013;252;68405.0;119171.0;
10.09.2013;253;78241.0;143656.0;
11.09.2013;254;85673.0;141476.0;
12.09.2013;255;83457.0;125525.0;
13.09.2013;256;72722.0;97929.0;
14.09.2013;257;61196.0;80183.0;
15.09.2013;258;57974.0;84961.0;
16.09.2013;259;62634.0;92088.0;
17.09.2013;260;63016.0;90706.0;
18.09.2013;261;62981.0;93267.0;
19.09.2013;262;64916.0;99553.0;
20.09.2013;263;66748.0;103431.0;
21.09.2013;264;64707.0;84724.0;
22.09.2013;265;59766.0;82786.0;
23.09.2013;266;60570.0;89095.0;
24.09.2013;267;62614.0;90419.0;
25.09.2013;268;62647.0;90920.0;
26.09.2013;269;63045.0;92409.0;
27.09.2013;270;62985.0;90730.0;
28.09.2013;271;60680.0;83051.0;
29.09.2013;272;58225.0;81982.0;
30.09.2013;273;60852.0;92974.0;
01.10.2013;274;63112.0;97641.0;
02.10.2013;275;64852.0;104427.0;
03.10.2013;276;66741.0;103401.0;
04.10.2013;277;67470.0;108825.0;
05.10.2013;278;66704.0;100346.0;
06.10.2013;279;64314.0;96569.0;
07.10.2013;280;66596.0;94479.0;
08.10.2013;281;62274.0;89609.0;
09.10.2013;282;62134.0;90078.0;
10.10.2013;283;62702.0;91069.0;
11.10.2013;284;63169.0;88415.0;
12.10.2013;285;60981.0;82020.0;
13.10.2013;286;58342.0;82013.0;
14.10.2013;287;60794.0;90654.0;
15.10.2013;288;62503.0;91768.0;
16.10.2013;289;63052.0;91780.0;
17.10.2013;290;63405.0;92946.0;
18.10.2013;291;64128.0;85972.0;
19.10.2013;292;61961.0;81850.0;
20.10.2013;293;61590.0;82544.0;
21.10.2013;294;64178.0;91597.0;
22.10.2013;295;65276.0;92636.0;
23.10.2013;296;67305.0;95844.0;
24.10.2013;297;71342.0;97927.0;
25.10.2013;298;74381.0;97081.0;
26.10.2013;299;73856.0;87429.0;
27.10.2013;300;66071.0;84903.0;
28.10.2013;301;68799.0;94409.0;
29.10.2013;302;68583.0;92974.0;
30.10.2013;303;66720.0;92288.0;
31.10.2013;304;65038.0;89495.0;
01.11.2013;305;63410.0;87575.0;
02.11.2013;306;62107.0;82054.0;
03.11.2013;307;63836.0;86954.0;
04.11.2013;308;71627.0;99738.0;
05.11.2013;309;72783.0;96083.0;
06.11.2013;310;68808.0;93753.0;
07.11.2013;311;65832.0;97123.0;
08.11.2013;312;73191.0;97162.0;
09.11.2013;313;75637.0;87332.0;
10.11.2013;314;67941.0;88384.0;
11.11.2013;315;71771.0;99201.0;
12.11.2013;316;73451.0;109520.0;
13.11.2013;317;84886.0;108684.0;
14.11.2013;318;85042.0;105807.0;
15.11.2013;319;78501.0;99704.0;
16.11.2013;320;69116.0;86008.0;
17.11.2013;321;62638.0;85429.0;
18.11.2013;322;63655.0;96638.0;
19.11.2013;323;71890.0;103096.0;
20.11.2013;324;79428.0;103336.0;
21.11.2013;325;78598.0;99720.0;
22.11.2013;326;70500.0;95472.0;
23.11.2013;327;70012.0;97998.0;
24.11.2013;328;84120.0;110584.0;
25.11.2013;329;92171.0;114699.0;
26.11.2013;330;83821.0;110947.0;
27.11.2013;331;80068.0;111262.0;
28.11.2013;332;84101.0;97277.0;
29.11.2013;333;82086.0;99483.0;
30.11.2013;334;83663.0;97322.0;
01.12.2013;335;79743.0;96939.0;
02.12.2013;336;75977.0;104680.0;
03.12.2013;337;77042.0;102002.0;
04.12.2013;338;74426.0;100128.0;
05.12.2013;339;69367.0;100690.0;
06.12.2013;340;71886.0;105619.0;
07.12.2013;341;78768.0;104989.0;
08.12.2013;342;84270.0;112724.0;
09.12.2013;343;84619.0;116418.0;
10.12.2013;344;86800.0;120472.0;
11.12.2013;345;94070.0;119184.0;
12.12.2013;346;94468.0;124074.0;
13.12.2013;347;97429.0;117932.0;
14.12.2013;348;85485.0;109544.0;
15.12.2013;349;81760.0;110217.0;
16.12.2013;350;88385.0;119104.0;
17.12.2013;351;89660.0;116937.0;
18.12.2013;352;89540.0;116951.0;
19.12.2013;353;90626.0;111821.0;
20.12.2013;354;78082.0;100872.0;
21.12.2013;355;69728.0;91389.0;
22.12.2013;356;64828.0;90937.0;
23.12.2013;357;66911.0;102048.0;
24.12.2013;358;78415.0;104005.0;
25.12.2013;359;87958.0;99012.0;
26.12.2013;360;84331.0;108767.0;
27.12.2013;361;86220.0;103951.0;
28.12.2013;362;80793.0;93503.0;
29.12.2013;363;71919.0;97004.0;
30.12.2013;364;76964.0;110897.0;
31.12.2013;365;85364.0;109733.0;
01.01.2014;1;87056.0;102296.0;
02.01.2014;2;82939.0;119980.0;
03.01.2014;3;97733.0;127287.0;
04.01.2014;4;98269.0;114755.0;
05.01.2014;5;88132.0;107087.0;
06.01.2014;6;82631.0;131047.0;
07.01.2014;7;119150.0;140468.0;
08.01.2014;8;112934.0;133239.0;
09.01.2014;9;98483.0;119775.0;
10.01.2014;10;89493.0;109808.0;
11.01.2014;11;78221.0;95983.0;
12.01.2014;12;74495.0;99430.0;
13.01.2014;13;82150.0;106689.0;
14.01.2014;14;75532.0;105457.0;
15.01.2014;15;82607.0;110455.0;
16.01.2014;16;86885.0;114175.0;
17.01.2014;17;89656.0;111506.0;
18.01.2014;18;88099.0;111629.0;
19.01.2014;19;90271.0;104132.0;
20.01.2014;20;84379.0;108424.0;
21.01.2014;21;87433.0;128503.0;
22.01.2014;22;109968.0;134919.0;
23.01.2014;23;110840.0;134290.0;
24.01.2014;24;116133.0;136970.0;
25.01.2014;25;105702.0;118258.0;
26.01.2014;26;99518.0;113998.0;
27.01.2014;27;91893.0;126367.0;
28.01.2014;28;109565.0;137327.0;
29.01.2014;29;115923.0;136007.0;
30.01.2014;30;111012.0;136210.0;
31.01.2014;31;98500.0;117728.0;
01.02.2014;32;87781.0;99841.0;
02.02.2014;33;78692.0;98228.0;
03.02.2014;34;81020.0;114980.0;
04.02.2014;35;92866.0;117234.0;
05.02.2014;36;90772.0;114555.0;
06.02.2014;37;93135.0;119261.0;
07.02.2014;38;97197.0;120621.0;
08.02.2014;39;95839.0;109956.0;
09.02.2014;40;90939.0;111700.0;
10.02.2014;41;93033.0;122980.0;
11.02.2014;42;103673.0;127584.0;
12.02.2014;43;106895.0;129686.0;
13.02.2014;44;98548.0;114883.0;
14.02.2014;45;90978.0;108823.0;
15.02.2014;46;86882.0;109552.0;
16.02.2014;47;92578.0;109003.0;
17.02.2014;48;93648.0;116344.0;
18.02.2014;49;90741.0;110508.0;
19.02.2014;50;83874.0;103230.0;
20.02.2014;51;80762.0;104229.0;
21.02.2014;52;76376.0;99498.0;
22.02.2014;53;79622.0;92432.0;
23.02.2014;54;75543.0;94948.0;
24.02.2014;55;79399.0;111828.0;
25.02.2014;56;90132.0;116483.0;
26.02.2014;57;94052.0;120192.0;
27.02.2014;58;100703.0;121489.0;
28.02.2014;59;104500.0;127823.0;
01.03.2014;60;90407.0;104952.0;
02.03.2014;61;82467.0;105211.0;
03.03.2014;62;89433.0;126630.0;
04.03.2014;63;106354.0;125684.0;
05.03.2014;64;96453.0;117123.0;
06.03.2014;65;94820.0;116942.0;
07.03.2014;66;91199.0;111136.0;
08.03.2014;67;81456.0;93294.0;
09.03.2014;68;74568.0;94943.0;
10.03.2014;69;78582.0;102596.0;
11.03.2014;70;72959.0;95659.0;
12.03.2014;71;70343.0;101829.0;
13.03.2014;72;87251.0;116170.0;
14.03.2014;73;88206.0;111818.0;
15.03.2014;74;72988.0;86394.0;
16.03.2014;75;72422.0;102944.0;
17.03.2014;76;88104.0;112662.0;
18.03.2014;77;87176.0;109483.0;
19.03.2014;78;79851.0;101972.0;
20.03.2014;79;77313.0;99806.0;
21.03.2014;80;77431.0;100924.0;
22.03.2014;81;71738.0;85835.0;
23.03.2014;82;69772.0;97128.0;
24.03.2014;83;84522.0;112349.0;
25.03.2014;84;86852.0;110197.0;
26.03.2014;85;89856.0;113154.0;
27.03.2014;86;90293.0;112628.0;
28.03.2014;87;76672.0;95404.0;
29.03.2014;88;68266.0;88772.0;
30.03.2014;89;71299.0;93411.0;
31.03.2014;90;76794.0;100290.0;
01.04.2014;91;70921.0;93882.0;
02.04.2014;92;68054.0;90676.0;
03.04.2014;93;67583.0;91714.0;
04.04.2014;94;67718.0;90944.0;
05.04.2014;95;68406.0;83559.0;
06.04.2014;96;70168.0;83378.0;
07.04.2014;97;67718.0;94532.0;
08.04.2014;98;69419.0;90547.0;
09.04.2014;99;69163.0;90341.0;
10.04.2014;100;69279.0;91036.0;
11.04.2014;101;64027.0;85694.0;
12.04.2014;102;61999.0;78720.0;
13.04.2014;103;58068.0;83595.0;
14.04.2014;104;61907.0;90585.0;
15.04.2014;105;65919.0;94830.0;
16.04.2014;106;76921.0;99176.0;
17.04.2014;107;76268.0;95348.0;
18.04.2014;108;69046.0;85680.0;
19.04.2014;109;64238.0;76998.0;
20.04.2014;110;61033.0;75546.0;
21.04.2014;111;62103.0;87636.0;
22.04.2014;112;62796.0;86626.0;
23.04.2014;113;64185.0;88154.0;
24.04.2014;114;68430.0;88556.0;
25.04.2014;115;65966.0;85747.0;
26.04.2014;116;63215.0;76895.0;
27.04.2014;117;59508.0;79348.0;
28.04.2014;118;61990.0;88112.0;
29.04.2014;119;64774.0;90111.0;
30.04.2014;120;66674.0;90350.0;
01.05.2014;121;65047.0;88528.0;
02.05.2014;122;64215.0;85361.0;
03.05.2014;123;62431.0;76291.0;
04.05.2014;124;58976.0;78753.0;
05.05.2014;125;61699.0;85315.0;
06.05.2014;126;64192.0;86177.0;
07.05.2014;127;62940.0;87962.0;
08.05.2014;128;63245.0;97993.0;
09.05.2014;129;65939.0;94494.0;
10.05.2014;130;62192.0;82165.0;
11.05.2014;131;58804.0;85802.0;
12.05.2014;132;62652.0;107879.0;
13.05.2014;133;69009.0;109736.0;
14.05.2014;134;66767.0;94522.0;
15.05.2014;135;65797.0;94591.0;
16.05.2014;136;66801.0;89204.0;
17.05.2014;137;62463.0;76684.0;
18.05.2014;138;60444.0;77803.0;
19.05.2014;139;61767.0;86472.0;
20.05.2014;140;62634.0;93525.0;
21.05.2014;141;65465.0;100607.0;
22.05.2014;142;66572.0;101400.0;
23.05.2014;143;64336.0;90622.0;
24.05.2014;144;59618.0;80180.0;
25.05.2014;145;57535.0;84689.0;
26.05.2014;146;58950.0;98954.0;
27.05.2014;147;68140.0;119756.0;
28.05.2014;148;71386.0;108926.0;
29.05.2014;149;66390.0;95119.0;
30.05.2014;150;64263.0;96993.0;
31.05.2014;151;62271.0;92436.0;
01.06.2014;152;59772.0;96604.0;
02.06.2014;153;67321.0;110370.0;
03.06.2014;154;70409.0;118609.0;
04.06.2014;155;71081.0;109327.0;
05.06.2014;156;69109.0;101229.0;
06.06.2014;157;64833.0;101679.0;
07.06.2014;158;62453.0;98826.0;
08.06.2014;159;62236.0;93718.0;
09.06.2014;160;66696.0;106486.0;
10.06.2014;161;70504.0;111630.0;
11.06.2014;162;71909.0;107084.0;
12.06.2014;163;69371.0;104243.0;
13.06.2014;164;70095.0;106920.0;
14.06.2014;165;64504.0;89230.0;
15.06.2014;166;59343.0;98316.0;
16.06.2014;167;68196.0;128960.0;
17.06.2014;168;79117.0;141673.0;
18.06.2014;169;86890.0;139492.0;
19.06.2014;170;80785.0;119773.0;
20.06.2014;171;73295.0;116017.0;
21.06.2014;172;69413.0;99414.0;
22.06.2014;173;64874.0;104028.0;
23.06.2014;174;69365.0;122761.0;
24.06.2014;175;73912.0;128666.0;
25.06.2014;176;77458.0;128163.0;
26.06.2014;177;76856.0;126667.0;
27.06.2014;178;75321.0;127040.0;
28.06.2014;179;72396.0;117154.0;
29.06.2014;180;69992.0;115388.0;
30.06.2014;181;75812.0;134486.0;
01.07.2014;182;79656.0;139384.0;
02.07.2014;183;83510.0;137015.0;
03.07.2014;184;78925.0;123078.0;
04.07.2014;185;68801.0;90317.0;
05.07.2014;186;59499.0;95035.0;
06.07.2014;187;60846.0;105844.0;
07.07.2014;188;73883.0;135087.0;
08.07.2014;189;81705.0;135538.0;
09.07.2014;190;77444.0;125837.0;
10.07.2014;191;75076.0;120185.0;
11.07.2014;192;72652.0;123058.0;
12.07.2014;193;72221.0;118527.0;
13.07.2014;194;74504.0;123418.0;
14.07.2014;195;79488.0;130870.0;
15.07.2014;196;78355.0;118343.0;
16.07.2014;197;72308.0;107716.0;
17.07.2014;198;68223.0;108623.0;
18.07.2014;199;68027.0;107786.0;
19.07.2014;200;67783.0;94614.0;
20.07.2014;201;65882.0;103039.0;
21.07.2014;202;71494.0;126691.0;
22.07.2014;203;76965.0;138197.0;
23.07.2014;204;81695.0;133095.0;
24.07.2014;205;77322.0;110458.0;
25.07.2014;206;68674.0;110187.0;
26.07.2014;207;68372.0;110682.0;
27.07.2014;208;72796.0;113275.0;
28.07.2014;209;74384.0;110058.0;
29.07.2014;210;67709.0;100526.0;
30.07.2014;211;65933.0;104952.0;
31.07.2014;212;67675.0;115274.0;
01.08.2014;213;72783.0;112040.0;
02.08.2014;214;68376.0;97487.0;
03.08.2014;215;66121.0;102846.0;
04.08.2014;216;70266.0;124839.0;
05.08.2014;217;73655.0;126185.0;
06.08.2014;218;74485.0;118736.0;
07.08.2014;219;71575.0;116864.0;
08.08.2014;220;69833.0;111775.0;
09.08.2014;221;67845.0;105657.0;
10.08.2014;222;66861.0;110971.0;
11.08.2014;223;73173.0;116262.0;
12.08.2014;224;74726.0;108343.0;
13.08.2014;225;71987.0;112320.0;
14.08.2014;226;68576.0;105475.0;
15.08.2014;227;66447.0;100149.0;
16.08.2014;228;63679.0;97095.0;
17.08.2014;229;65624.0;102036.0;
18.08.2014;230;69887.0;117787.0;
19.08.2014;231;73982.0;126045.0;
20.08.2014;232;75943.0;127252.0;
21.08.2014;233;76516.0;122271.0;
22.08.2014;234;77657.0;120191.0;
23.08.2014;235;74310.0;104650.0;
24.08.2014;236;68290.0;109599.0;
25.08.2014;237;72582.0;123049.0;
26.08.2014;238;73324.0;129377.0;
27.08.2014;239;74887.0;133421.0;
28.08.2014;240;77504.0;119858.0;
29.08.2014;241;70509.0;115750.0;
30.08.2014;242;69411.0;109371.0;
31.08.2014;243;72210.0;114664.0;
01.09.2014;244;74486.0;124021.0;
02.09.2014;245;79398.0;134448.0;
03.09.2014;246;78721.0;128766.0;
04.09.2014;247;75460.0;131568.0;
05.09.2014;248;81040.0;138220.0;
06.09.2014;249;78697.0;117746.0;
07.09.2014;250;67166.0;96637.0;
08.09.2014;251;66348.0;101565.0;
09.09.2014;252;68216.0;106001.0;
10.09.2014;253;70319.0;111528.0;
11.09.2014;254;72103.0;108890.0;
12.09.2014;255;68744.0;94022.0;
13.09.2014;256;62960.0;81267.0;
14.09.2014;257;58677.0;81931.0;
15.09.2014;258;60709.0;91121.0;
16.09.2014;259;63671.0;91447.0;
17.09.2014;260;62994.0;90920.0;
18.09.2014;261;62873.0;91965.0;
19.09.2014;262;63204.0;89951.0;
20.09.2014;263;61365.0;88006.0;
21.09.2014;264;62025.0;91092.0;
22.09.2014;265;63251.0;89743.0;
23.09.2014;266;62302.0;89427.0;
24.09.2014;267;62534.0;90222.0;
25.09.2014;268;63440.0;91812.0;
26.09.2014;269;63348.0;94018.0;
27.09.2014;270;60711.0;87544.0;
28.09.2014;271;58970.0;90016.0;
29.09.2014;272;62984.0;97752.0;
30.09.2014;273;64452.0;94150.0;
01.10.2014;274;63802.0;92704.0;
02.10.2014;275;63286.0;95380.0;
03.10.2014;276;64766.0;89453.0;
04.10.2014;277;61540.0;79505.0;
05.10.2014;278;60123.0;80932.0;
06.10.2014;279;62222.0;89639.0;
07.10.2014;280;63097.0;90729.0;
08.10.2014;281;63710.0;90084.0;
09.10.2014;282;63375.0;89711.0;
10.10.2014;283;63779.0;86296.0;
11.10.2014;284;62032.0;79387.0;
12.10.2014;285;60733.0;80823.0;
13.10.2014;286;61361.0;93039.0;
14.10.2014;287;64180.0;95962.0;
15.10.2014;288;65676.0;93865.0;
16.10.2014;289;64822.0;90652.0;
17.10.2014;290;63597.0;86690.0;
18.10.2014;291;60865.0;80478.0;
19.10.2014;292;60661.0;82880.0;
20.10.2014;293;64978.0;91613.0;
21.10.2014;294;64704.0;92278.0;
22.10.2014;295;65624.0;92922.0;
23.10.2014;296;67247.0;91035.0;
24.10.2014;297;66734.0;87970.0;
25.10.2014;298;63804.0;79594.0;
26.10.2014;299;59366.0;81453.0;
27.10.2014;300;63340.0;91592.0;
28.10.2014;301;63657.0;91092.0;
29.10.2014;302;63258.0;90774.0;
30.10.2014;303;66184.0;91273.0;
31.10.2014;304;68666.0;91283.0;
01.11.2014;305;68384.0;88980.0;
02.11.2014;306;70389.0;90641.0;
03.11.2014;307;73558.0;95142.0;
04.11.2014;308;68895.0;92550.0;
05.11.2014;309;65363.0;92743.0;
06.11.2014;310;65803.0;95167.0;
07.11.2014;311;69057.0;95767.0;
08.11.2014;312;74996.0;88322.0;
09.11.2014;313;67540.0;87607.0;
10.11.2014;314;71001.0;94167.0;
11.11.2014;315;69639.0;93779.0;
12.11.2014;316;67947.0;98205.0;
13.11.2014;317;73856.0;105633.0;
14.11.2014;318;80604.0;105886.0;
15.11.2014;319;84609.0;97878.0;
16.11.2014;320;78350.0;97443.0;
17.11.2014;321;75627.0;108961.0;
18.11.2014;322;86767.0;121050.0;
19.11.2014;323;97396.0;118232.0;
20.11.2014;324;87550.0;109656.0;
21.11.2014;325;89127.0;112191.0;
22.11.2014;326;87345.0;101259.0;
23.11.2014;327;74549.0;91672.0;
24.11.2014;328;67101.0;96773.0;
25.11.2014;329;70247.0;100027.0;
26.11.2014;330;75901.0;107024.0;
27.11.2014;331;77009.0;92949.0;
28.11.2014;332;79547.0;101630.0;
29.11.2014;333;82649.0;94490.0;
30.11.2014;334;71154.0;90628.0;
01.12.2014;335;67839.0;102734.0;
02.12.2014;336;77679.0;110894.0;
03.12.2014;337;79346.0;106219.0;
04.12.2014;338;81779.0;109122.0;
05.12.2014;339;80561.0;104336.0;
06.12.2014;340;74382.0;96755.0;
07.12.2014;341;76124.0;102337.0;
08.12.2014;342;82919.0;114011.0;
09.12.2014;343;83425.0;110737.0;
10.12.2014;344;81014.0;113555.0;
11.12.2014;345;86338.0;114058.0;
12.12.2014;346;86717.0;109215.0;
13.12.2014;347;83787.0;100479.0;
14.12.2014;348;77828.0;98522.0;
15.12.2014;349;76022.0;105092.0;
16.12.2014;350;78577.0;106717.0;
17.12.2014;351;77400.0;109333.0;
18.12.2014;352;84128.0;113450.0;
19.12.2014;353;84819.0;110861.0;
20.12.2014;354;85398.0;105044.0;
21.12.2014;355;82254.0;104412.0;
22.12.2014;356;85183.0;109088.0;
23.12.2014;357;77853.0;100149.0;
24.12.2014;358;68922.0;88814.0;
25.12.2014;359;64389.0;83813.0;
26.12.2014;360;72558.0;93070.0;
27.12.2014;361;73764.0;88934.0;
28.12.2014;362;68609.0;92466.0;
29.12.2014;363;73134.0;106153.0;
30.12.2014;364;81919.0;110969.0;
31.12.2014;365;90194.0;110949.0;
01.01.2015;1;87534.0;100386.0;
02.01.2015;2;79805.0;102358.0;
03.01.2015;3;79682.0;98370.0;
04.01.2015;4;70500.0;95922.0;
05.01.2015;5;78797.0;119801.0;
06.01.2015;6;95164.0;122831.0;
07.01.2015;7;98784.0;135661.0;
08.01.2015;8;116865.0;136216.0;
09.01.2015;9;104533.0;122155.0;
10.01.2015;10;104237.0;119054.0;
11.01.2015;11;96037.0;109163.0;
12.01.2015;12;85736.0;113964.0;
13.01.2015;13;87898.0;121205.0;
14.01.2015;14;98140.0;121302.0;
15.01.2015;15;94605.0;116657.0;
16.01.2015;16;91475.0;112977.0;
17.01.2015;17;89744.0;104505.0;
18.01.2015;18;81139.0;98471.0;
19.01.2015;19;81987.0;106186.0;
20.01.2015;20;84402.0;108364.0;
21.01.2015;21;84218.0;112240.0;
22.01.2015;22;86884.0;110276.0;
23.01.2015;23;87395.0;110848.0;
24.01.2015;24;83506.0;102223.0;
25.01.2015;25;80671.0;100739.0;
26.01.2015;26;83089.0;118207.0;
27.01.2015;27;92794.0;118507.0;
28.01.2015;28;97636.0;122260.0;
29.01.2015;29;95637.0;118150.0;
30.01.2015;30;86490.0;115510.0;
31.01.2015;31;95956.0;112788.0;
01.02.2015;32;89346.0;103659.0;
02.02.2015;33;82018.0;120477.0;
03.02.2015;34;98999.0;121185.0;
04.02.2015;35;93481.0;114247.0;
05.02.2015;36;86316.0;123679.0;
06.02.2015;37;104650.0;127364.0;
07.02.2015;38;86298.0;102335.0;
08.02.2015;39;77592.0;93938.0;
09.02.2015;40;75376.0;113047.0;
10.02.2015;41;89322.0;114173.0;
11.02.2015;42;91805.0;114505.0;
12.02.2015;43;87926.0;120837.0;
13.02.2015;44;105754.0;128788.0;
14.02.2015;45;98253.0;113816.0;
15.02.2015;46;108340.0;127479.0;
16.02.2015;47;114627.0;134174.0;
17.02.2015;48;109218.0;126230.0;
18.02.2015;49;105668.0;127082.0;
19.02.2015;50;111493.0;140368.0;
20.02.2015;51;121010.0;143115.0;
21.02.2015;52;103325.0;119701.0;
22.02.2015;53;90224.0;106314.0;
23.02.2015;54;90866.0;127757.0;
24.02.2015;55;112282.0;134121.0;
25.02.2015;56;101711.0;122282.0;
26.02.2015;57;93973.0;119352.0;
27.02.2015;58;99715.0;121055.0;
28.02.2015;59;95912.0;114948.0;
01.03.2015;60;94687.0;111106.0;
02.03.2015;61;89872.0;112122.0;
03.03.2015;62;92636.0;114452.0;
04.03.2015;63;84781.0;107643.0;
05.03.2015;64;85985.0;121467.0;
06.03.2015;65;105036.0;125620.0;
07.03.2015;66;88442.0;110056.0;
08.03.2015;67;79464.0;92797.0;
09.03.2015;68;77959.0;102295.0;
10.03.2015;69;76243.0;99511.0;
11.03.2015;70;72915.0;94265.0;
12.03.2015;71;73988.0;99022.0;
13.03.2015;72;77045.0;100808.0;
14.03.2015;73;72191.0;88256.0;
15.03.2015;74;68473.0;89540.0;
16.03.2015;75;73414.0;98332.0;
17.03.2015;76;68461.0;94692.0;
18.03.2015;77;77809.0;103890.0;
19.03.2015;78;79281.0;102867.0;
20.03.2015;79;77415.0;101600.0;
21.03.2015;80;76692.0;90265.0;
22.03.2015;81;69841.0;90689.0;
23.03.2015;82;76534.0;102658.0;
24.03.2015;83;80292.0;103330.0;
25.03.2015;84;79782.0;101858.0;
26.03.2015;85;72314.0;93721.0;
27.03.2015;86;71695.0;97589.0;
28.03.2015;87;80906.0;97906.0;
29.03.2015;88;80692.0;95008.0;
30.03.2015;89;75679.0;97471.0;
31.03.2015;90;72729.0;94924.0;
01.04.2015;91;73261.0;96381.0;
02.04.2015;92;71634.0;92461.0;
03.04.2015;93;62424.0;82160.0;
04.04.2015;94;62431.0;79879.0;
05.04.2015;95;66004.0;76572.0;
06.04.2015;96;64142.0;87050.0;
07.04.2015;97;63716.0;89275.0;
08.04.2015;98;65291.0;91666.0;
09.04.2015;99;68432.0;92708.0;
10.04.2015;100;68439.0;89421.0;
11.04.2015;101;64077.0;77372.0;
12.04.2015;102;63373.0;79861.0;
13.04.2015;103;61660.0;88028.0;
14.04.2015;104;62150.0;86674.0;
15.04.2015;105;64312.0;86390.0;
16.04.2015;106;64621.0;86183.0;
17.04.2015;107;63025.0;85615.0;
18.04.2015;108;59931.0;78846.0;
19.04.2015;109;57383.0;79513.0;
20.04.2015;110;61059.0;88156.0;
21.04.2015;111;63826.0;86399.0;
22.04.2015;112;64747.0;88644.0;
23.04.2015;113;68194.0;90105.0;
24.04.2015;114;71124.0;91226.0;
25.04.2015;115;66539.0;81326.0;
26.04.2015;116;65014.0;78598.0;
27.04.2015;117;65047.0;87421.0;
28.04.2015;118;67538.0;86572.0;
29.04.2015;119;64311.0;85394.0;
30.04.2015;120;62481.0;85000.0;
01.05.2015;121;63866.0;84123.0;
02.05.2015;122;61520.0;75723.0;
03.05.2015;123;57811.0;81129.0;
04.05.2015;124;60205.0;92900.0;
05.05.2015;125;63427.0;96660.0;
06.05.2015;126;64691.0;97578.0;
07.05.2015;127;63891.0;101582.0;
08.05.2015;128;65777.0;107012.0;
09.05.2015;129;64300.0;93139.0;
10.05.2015;130;62361.0;94589.0;
11.05.2015;131;67815.0;111342.0;
12.05.2015;132;69207.0;104774.0;
13.05.2015;133;65141.0;86863.0;
14.05.2015;134;63302.0;85996.0;
15.05.2015;135;62189.0;90701.0;
16.05.2015;136;62467.0;92703.0;
17.05.2015;137;63616.0;101298.0;
18.05.2015;138;70080.0;113089.0;
19.05.2015;139;68668.0;105681.0;
20.05.2015;140;65906.0;89217.0;
21.05.2015;141;63290.0;85453.0;
22.05.2015;142;63241.0;84001.0;
23.05.2015;143;59113.0;76960.0;
24.05.2015;144;57111.0;83359.0;
25.05.2015;145;59916.0;97312.0;
26.05.2015;146;65679.0;118083.0;
27.05.2015;147;72397.0;117544.0;
28.05.2015;148;70995.0;120734.0;
29.05.2015;149;71079.0;119807.0;
30.05.2015;150;70219.0;108117.0;
31.05.2015;151;66293.0;101478.0;
01.06.2015;152;67756.0;101493.0;
02.06.2015;153;65914.0;89378.0;
03.06.2015;154;63238.0;88871.0;
04.06.2015;155;63855.0;95898.0;
05.06.2015;156;65890.0;97573.0;
06.06.2015;157;63146.0;90660.0;
07.06.2015;158;59698.0;93700.0;
08.06.2015;159;67754.0;113884.0;
09.06.2015;160;70004.0;114190.0;
10.06.2015;161;70204.0;124432.0;
11.06.2015;162;74504.0;131876.0;
12.06.2015;163;79140.0;130946.0;
13.06.2015;164;75361.0;117598.0;
14.06.2015;165;72335.0;120848.0;
15.06.2015;166;79060.0;134111.0;
16.06.2015;167;80950.0;130123.0;
17.06.2015;168;75964.0;112864.0;
18.06.2015;169;73855.0;121328.0;
19.06.2015;170;74281.0;115260.0;
20.06.2015;171;71210.0;105269.0;
21.06.2015;172;71167.0;119902.0;
22.06.2015;173;78056.0;134477.0;
23.06.2015;174;84691.0;137105.0;
24.06.2015;175;75367.0;121039.0;
25.06.2015;176;72296.0;113926.0;
26.06.2015;177;72332.0;108987.0;
27.06.2015;178;68739.0;87657.0;
28.06.2015;179;62505.0;89022.0;
29.06.2015;180;64539.0;103511.0;
30.06.2015;181;68272.0;113213.0;
01.07.2015;182;69993.0;112617.0;
02.07.2015;183;69601.0;99580.0;
03.07.2015;184;63649.0;97027.0;
04.07.2015;185;63854.0;93562.0;
05.07.2015;186;62039.0;104481.0;
06.07.2015;187;71411.0;124927.0;
07.07.2015;188;78215.0;126910.0;
08.07.2015;189;77867.0;116738.0;
09.07.2015;190;76212.0;120588.0;
10.07.2015;191;76523.0;117257.0;
11.07.2015;192;70252.0;108368.0;
12.07.2015;193;67300.0;110320.0;
13.07.2015;194;74252.0;122568.0;
14.07.2015;195;77294.0;125381.0;
15.07.2015;196;76517.0;115248.0;
16.07.2015;197;69578.0;112474.0;
17.07.2015;198;71296.0;124080.0;
18.07.2015;199;76840.0;128284.0;
19.07.2015;200;77658.0;133593.0;
20.07.2015;201;86226.0;143303.0;
21.07.2015;202;86804.0;132042.0;
22.07.2015;203;75882.0;122065.0;
23.07.2015;204;72284.0;122377.0;
24.07.2015;205;72592.0;124497.0;
25.07.2015;206;71117.0;122808.0;
26.07.2015;207;71747.0;121318.0;
27.07.2015;208;79541.0;135541.0;
28.07.2015;209;81258.0;143698.0;
29.07.2015;210;85270.0;142496.0;
30.07.2015;211;86318.0;134813.0;
31.07.2015;212;78243.0;132703.0;
01.08.2015;213;72966.0;119627.0;
02.08.2015;214;69285.0;123575.0;
03.08.2015;215;76381.0;133491.0;
04.08.2015;216;78597.0;133287.0;
05.08.2015;217;76382.0;128701.0;
06.08.2015;218;75116.0;113539.0;
07.08.2015;219;72349.0;113577.0;
08.08.2015;220;69879.0;107977.0;
09.08.2015;221;68078.0;110502.0;
10.08.2015;222;75002.0;117102.0;
11.08.2015;223;76144.0;122625.0;
12.08.2015;224;73161.0;118279.0;
13.08.2015;225;70580.0;119494.0;
14.08.2015;226;71485.0;126885.0;
15.08.2015;227;71033.0;123432.0;
16.08.2015;228;70864.0;129911.0;
17.08.2015;229;79484.0;139834.0;
18.08.2015;230;81974.0;133548.0;
19.08.2015;231;81436.0;133340.0;
20.08.2015;232;81896.0;121738.0;
21.08.2015;233;74842.0;119107.0;
22.08.2015;234;67570.0;106779.0;
23.08.2015;235;64627.0;109142.0;
24.08.2015;236;71101.0;121703.0;
25.08.2015;237;73049.0;111848.0;
26.08.2015;238;68485.0;102410.0;
27.08.2015;239;66935.0;103062.0;
28.08.2015;240;66379.0;107090.0;
29.08.2015;241;65162.0;106242.0;
30.08.2015;242;67326.0;114122.0;
31.08.2015;243;75248.0;133404.0;
01.09.2015;244;78737.0;138995.0;
02.09.2015;245;80394.0;138665.0;
03.09.2015;246;80456.0;141185.0;
04.09.2015;247;81290.0;133052.0;
05.09.2015;248;73560.0;115327.0;
06.09.2015;249;68135.0;116106.0;
07.09.2015;250;69799.0;127719.0;
08.09.2015;251;77455.0;138344.0;
09.09.2015;252;81572.0;131663.0;
10.09.2015;253;78914.0;110258.0;
11.09.2015;254;70062.0;107068.0;
12.09.2015;255;65460.0;85789.0;
13.09.2015;256;61133.0;82409.0;
14.09.2015;257;60961.0;94488.0;
15.09.2015;258;63869.0;104698.0;
16.09.2015;259;65437.0;111918.0;
17.09.2015;260;67507.0;115714.0;
18.09.2015;261;69167.0;112549.0;
19.09.2015;262;67298.0;99772.0;
20.09.2015;263;63587.0;88294.0;
21.09.2015;264;62419.0;92268.0;
22.09.2015;265;63491.0;95258.0;
23.09.2015;266;64070.0;99670.0;
24.09.2015;267;63950.0;100001.0;
25.09.2015;268;64874.0;93223.0;
26.09.2015;269;61856.0;81793.0;
27.09.2015;270;59174.0;87257.0;
28.09.2015;271;64388.0;104870.0;
29.09.2015;272;70101.0;102765.0;
30.09.2015;273;70182.0;97040.0;
01.10.2015;274;63255.0;86443.0;
02.10.2015;275;61707.0;84879.0;
03.10.2015;276;61935.0;81043.0;
04.10.2015;277;59683.0;80677.0;
05.10.2015;278;60977.0;89267.0;
06.10.2015;279;62471.0;90344.0;
07.10.2015;280;62451.0;91308.0;
08.10.2015;281;62168.0;92653.0;
09.10.2015;282;63361.0;90151.0;
10.10.2015;283;60061.0;77156.0;
11.10.2015;284;58397.0;80202.0;
12.10.2015;285;60405.0;90685.0;
13.10.2015;286;62254.0;90000.0;
14.10.2015;287;62031.0;88127.0;
15.10.2015;288;63199.0;87586.0;
16.10.2015;289;63005.0;84089.0;
17.10.2015;290;63652.0;81162.0;
18.10.2015;291;65943.0;85217.0;
19.10.2015;292;70324.0;94903.0;
20.10.2015;293;68721.0;89535.0;
21.10.2015;294;64787.0;89109.0;
22.10.2015;295;63118.0;89503.0;
23.10.2015;296;62241.0;84451.0;
24.10.2015;297;61376.0;79516.0;
25.10.2015;298;58599.0;80639.0;
26.10.2015;299;62118.0;89929.0;
27.10.2015;300;66888.0;91972.0;
28.10.2015;301;65398.0;90992.0;
29.10.2015;302;63849.0;89189.0;
30.10.2015;303;65231.0;87047.0;
31.10.2015;304;66267.0;80176.0;
01.11.2015;305;60449.0;81300.0;
02.11.2015;306;61690.0;90943.0;
03.11.2015;307;64795.0;91111.0;
04.11.2015;308;63357.0;91620.0;
05.11.2015;309;62787.0;93251.0;
06.11.2015;310;63485.0;89996.0;
07.11.2015;311;61057.0;81205.0;
08.11.2015;312;62493.0;84145.0;
09.11.2015;313;68958.0;94551.0;
10.11.2015;314;66681.0;92984.0;
11.11.2015;315;67317.0;91508.0;
12.11.2015;316;66472.0;92863.0;
13.11.2015;317;67190.0;91209.0;
14.11.2015;318;69850.0;85684.0;
15.11.2015;319;70167.0;84082.0;
16.11.2015;320;67364.0;92507.0;
17.11.2015;321;67830.0;93408.0;
18.11.2015;322;66916.0;92237.0;
19.11.2015;323;64063.0;92491.0;
20.11.2015;324;67378.0;92309.0;
21.11.2015;325;72705.0;87816.0;
22.11.2015;326;68823.0;95230.0;
23.11.2015;327;78498.0;104737.0;
24.11.2015;328;81257.0;101774.0;
25.11.2015;329;76409.0;95758.0;
26.11.2015;330;68610.0;79606.0;
27.11.2015;331;61994.0;81846.0;
28.11.2015;332;61592.0;83203.0;
29.11.2015;333;62991.0;89936.0;
30.11.2015;334;70406.0;101043.0;
01.12.2015;335;71377.0;98033.0;
02.12.2015;336;69640.0;98832.0;
03.12.2015;337;72493.0;103215.0;
04.12.2015;338;78670.0;100552.0;
05.12.2015;339;79347.0;92565.0;
06.12.2015;340;77871.0;93853.0;
07.12.2015;341;75619.0;101930.0;
08.12.2015;342;76108.0;101438.0;
09.12.2015;343;77672.0;100215.0;
10.12.2015;344;71865.0;96740.0;
11.12.2015;345;70253.0;92482.0;
12.12.2015;346;65139.0;84908.0;
13.12.2015;347;60991.0;87258.0;
14.12.2015;348;63184.0;96702.0;
15.12.2015;349;66005.0;97592.0;
16.12.2015;350;70877.0;97527.0;
17.12.2015;351;69562.0;100068.0;
18.12.2015;352;72867.0;105086.0;
19.12.2015;353;81780.0;100510.0;
20.12.2015;354;82232.0;97774.0;
21.12.2015;355;77049.0;99612.0;
22.12.2015;356;68712.0;95403.0;
23.12.2015;357;66551.0;92435.0;
24.12.2015;358;61131.0;83291.0;
25.12.2015;359;59309.0;77149.0;
26.12.2015;360;58795.0;83622.0;
27.12.2015;361;60821.0;85610.0;
28.12.2015;362;65727.0;101121.0;
29.12.2015;363;70744.0;96250.0;
30.12.2015;364;69451.0;95480.0;
31.12.2015;365;68240.0;94486.0;
01.01.2016;1;71758.0;94255.0;
02.01.2016;2;77109.0;94553.0;
03.01.2016;3;78492.0;97492.0;
04.01.2016;4;79640.0;117065.0;
05.01.2016;5;97580.0;121910.0;
06.01.2016;6;96834.0;120528.0;
07.01.2016;7;87342.0;109069.0;
08.01.2016;8;80403.0;100833.0;
09.01.2016;9;72903.0;90801.0;
10.01.2016;10;68618.0;99285.0;
11.01.2016;11;85713.0;115977.0;
12.01.2016;12;92319.0;115911.0;
13.01.2016;13;97497.0;121452.0;
14.01.2016;14;92793.0;112750.0;
15.01.2016;15;80738.0;103008.0;
16.01.2016;16;74413.0;95686.0;
17.01.2016;17;78245.0;107361.0;
18.01.2016;18;93773.0;128734.0;
19.01.2016;19;108790.0;129877.0;
20.01.2016;20;104724.0;123871.0;
21.01.2016;21;95895.0;118215.0;
22.01.2016;22;96866.0;120489.0;
23.01.2016;23;95101.0;113303.0;
24.01.2016;24;91730.0;107432.0;
25.01.2016;25;92515.0;113750.0;
26.01.2016;26;84913.0;105927.0;
27.01.2016;27;80796.0;108677.0;
28.01.2016;28;90648.0;114101.0;
29.01.2016;29;83560.0;107051.0;
30.01.2016;30;82245.0;99053.0;
31.01.2016;31;75199.0;88788.0;
01.02.2016;32;70107.0;97386.0;
02.02.2016;33;76637.0;100528.0;
03.02.2016;34;73640.0;97496.0;
04.02.2016;35;72717.0;102666.0;
05.02.2016;36;81580.0;105630.0;
06.02.2016;37;83396.0;98284.0;
07.02.2016;38;81822.0;93936.0;
08.02.2016;39;78708.0;106160.0;
09.02.2016;40;83980.0;114000.0;
10.02.2016;41;91225.0;118030.0;
11.02.2016;42;98690.0;121259.0;
12.02.2016;43;101540.0;121439.0;
13.02.2016;44;97614.0;120165.0;
14.02.2016;45;103162.0;117262.0;
15.02.2016;46;99624.0;117542.0;
16.02.2016;47;88628.0;105987.0;
17.02.2016;48;83392.0;106978.0;
18.02.2016;49;86346.0;109525.0;
19.02.2016;50;89004.0;110154.0;
20.02.2016;51;74618.0;84413.0;
21.02.2016;52;66613.0;87753.0;
22.02.2016;53;71366.0;97891.0;
23.02.2016;54;76632.0;100878.0;
24.02.2016;55;76712.0;97786.0;
25.02.2016;56;73789.0;105851.0;
26.02.2016;57;83260.0;104160.0;
27.02.2016;58;80268.0;94426.0;
28.02.2016;59;72721.0;84965.0;
29.02.2016;60;68059.0;93865.0;
01.03.2016;61;74460.0;96533.0;
02.03.2016;62;74034.0;105855.0;
03.03.2016;63;86405.0;107370.0;
04.03.2016;64;84502.0;104471.0;
05.03.2016;65;81702.0;93580.0;
06.03.2016;66;76305.0;92190.0;
07.03.2016;67;78403.0;98581.0;
08.03.2016;68;68203.0;88945.0;
09.03.2016;69;64574.0;89132.0;
10.03.2016;70;62860.0;90959.0;
11.03.2016;71;64325.0;85097.0;
12.03.2016;72;63910.0;79561.0;
13.03.2016;73;60878.0;82922.0;
14.03.2016;74;63756.0;90430.0;
15.03.2016;75;66510.0;88535.0;
16.03.2016;76;65796.0;87619.0;
17.03.2016;77;64822.0;86880.0;
18.03.2016;78;66951.0;89010.0;
19.03.2016;79;66812.0;87159.0;
20.03.2016;80;71145.0;90852.0;
21.03.2016;81;75275.0;99082.0;
22.03.2016;82;76606.0;99069.0;
23.03.2016;83;67551.0;87676.0;
24.03.2016;84;64654.0;85534.0;
25.03.2016;85;62202.0;82746.0;
26.03.2016;86;63977.0;77418.0;
27.03.2016;87;61406.0;75930.0;
28.03.2016;88;61489.0;87414.0;
29.03.2016;89;67684.0;87878.0;
30.03.2016;90;70501.0;91829.0;
31.03.2016;91;64556.0;85097.0;
01.04.2016;92;62377.0;84619.0;
02.04.2016;93;62211.0;80975.0;
03.04.2016;94;67751.0;83399.0;
04.04.2016;95;67475.0;92510.0;
05.04.2016;96;74239.0;98631.0;
06.04.2016;97;79241.0;100196.0;
07.04.2016;98;68888.0;91285.0;
08.04.2016;99;71939.0;92607.0;
09.04.2016;100;73795.0;90298.0;
10.04.2016;101;77041.0;86344.0;
11.04.2016;102;68742.0;90188.0;
12.04.2016;103;66118.0;87925.0;
13.04.2016;104;70310.0;92102.0;
14.04.2016;105;69962.0;91270.0;
15.04.2016;106;66742.0;87138.0;
16.04.2016;107;62705.0;75695.0;
17.04.2016;108;59455.0;79866.0;
18.04.2016;109;59944.0;90493.0;
19.04.2016;110;61488.0;87778.0;
20.04.2016;111;61590.0;86676.0;
21.04.2016;112;62034.0;86589.0;
22.04.2016;113;61665.0;85576.0;
23.04.2016;114;60145.0;75371.0;
24.04.2016;115;58380.0;77843.0;
25.04.2016;116;59565.0;89342.0;
26.04.2016;117;62042.0;90997.0;
27.04.2016;118;62880.0;85644.0;
28.04.2016;119;62536.0;86735.0;
29.04.2016;120;63653.0;84989.0;
30.04.2016;121;61897.0;77075.0;
01.05.2016;122;59469.0;80274.0;
02.05.2016;123;61524.0;86979.0;
03.05.2016;124;62968.0;85295.0;
04.05.2016;125;62570.0;85611.0;
05.05.2016;126;64146.0;85673.0;
06.05.2016;127;64314.0;85483.0;
07.05.2016;128;61946.0;74875.0;
08.05.2016;129;57804.0;75521.0;
09.05.2016;130;60325.0;85908.0;
10.05.2016;131;62613.0;85557.0;
11.05.2016;132;62448.0;86979.0;
12.05.2016;133;62658.0;89083.0;
13.05.2016;134;62433.0;86405.0;
14.05.2016;135;59575.0;76014.0;
15.05.2016;136;59677.0;77642.0;
16.05.2016;137;63995.0;84210.0;
17.05.2016;138;62464.0;85071.0;
18.05.2016;139;63347.0;84116.0;
19.05.2016;140;62896.0;84230.0;
20.05.2016;141;61720.0;84005.0;
21.05.2016;142;59589.0;76277.0;
22.05.2016;143;57854.0;77676.0;
23.05.2016;144;60348.0;89019.0;
24.05.2016;145;62683.0;96725.0;
25.05.2016;146;64923.0;107324.0;
26.05.2016;147;68023.0;115348.0;
27.05.2016;148;72001.0;121795.0;
28.05.2016;149;69522.0;113659.0;
29.05.2016;150;65694.0;102361.0;
30.05.2016;151;65645.0;105318.0;
31.05.2016;152;68387.0;121704.0;
01.06.2016;153;70370.0;122436.0;
02.06.2016;154;71934.0;115320.0;
03.06.2016;155;71381.0;111619.0;
04.06.2016;156;68157.0;101179.0;
05.06.2016;157;66977.0;99258.0;
06.06.2016;158;67254.0;116499.0;
07.06.2016;159;70924.0;107684.0;
08.06.2016;160;64717.0;90418.0;
09.06.2016;161;62238.0;94625.0;
10.06.2016;162;64356.0;107310.0;
11.06.2016;163;67159.0;123611.0;
12.06.2016;164;73445.0;107543.0;
13.06.2016;165;65618.0;109119.0;
14.06.2016;166;68464.0;113813.0;
15.06.2016;167;70698.0;123193.0;
16.06.2016;168;76139.0;113135.0;
17.06.2016;169;69829.0;111522.0;
18.06.2016;170;64362.0;109013.0;
19.06.2016;171;63584.0;116217.0;
20.06.2016;172;73507.0;134958.0;
21.06.2016;173;79782.0;124810.0;
22.06.2016;174;74034.0;115060.0;
23.06.2016;175;74552.0;115928.0;
24.06.2016;176;72687.0;118973.0;
25.06.2016;177;69241.0;117253.0;
26.06.2016;178;68674.0;121121.0;
27.06.2016;179;75225.0;131354.0;
28.06.2016;180;77848.0;118205.0;
29.06.2016;181;70495.0;113934.0;
30.06.2016;182;68465.0;115767.0;
01.07.2016;183;71264.0;114093.0;
02.07.2016;184;65231.0;93288.0;
03.07.2016;185;61481.0;84520.0;
04.07.2016;186;62008.0;90539.0;
05.07.2016;187;69473.0;130884.0;
06.07.2016;188;78732.0;138064.0;
07.07.2016;189;82749.0;134879.0;
08.07.2016;190;82797.0;133536.0;
09.07.2016;191;76871.0;112338.0;
10.07.2016;192;67766.0;112917.0;
11.07.2016;193;72337.0;132984.0;
12.07.2016;194;78571.0;136150.0;
13.07.2016;195;83242.0;135273.0;
14.07.2016;196;82931.0;140590.0;
15.07.2016;197;85779.0;131774.0;
16.07.2016;198;76876.0;116893.0;
17.07.2016;199;69858.0;124481.0;
18.07.2016;200;83153.0;138390.0;
19.07.2016;201;81061.0;135445.0;
20.07.2016;202;77639.0;133441.0;
21.07.2016;203;78443.0;139028.0;
22.07.2016;204;83763.0;143209.0;
23.07.2016;205;85555.0;142858.0;
24.07.2016;206;80206.0;138180.0;
25.07.2016;207;90678.0;150957.0;
26.07.2016;208;88008.0;142716.0;
27.07.2016;209;86061.0;145380.0;
28.07.2016;210;87583.0;136601.0;
29.07.2016;211;83178.0;131224.0;
30.07.2016;212;78183.0;116045.0;
31.07.2016;213;74209.0;123108.0;
01.08.2016;214;79889.0;131479.0;
02.08.2016;215;80385.0;132442.0;
03.08.2016;216;78855.0;131485.0;
04.08.2016;217;78577.0;133596.0;
05.08.2016;218;80749.0;129518.0;
06.08.2016;219;79991.0;125887.0;
07.08.2016;220;71125.0;120059.0;
08.08.2016;221;75740.0;125621.0;
09.08.2016;222;76730.0;132860.0;
10.08.2016;223;85726.0;144261.0;
11.08.2016;224;90586.0;152178.0;
12.08.2016;225;94461.0;147778.0;
13.08.2016;226;91164.0;140838.0;
14.08.2016;227;87189.0;133246.0;
15.08.2016;228;85689.0;138158.0;
16.08.2016;229;85642.0;142343.0;
17.08.2016;230;87656.0;138420.0;
18.08.2016;231;83809.0;138088.0;
19.08.2016;232;82166.0;135005.0;
20.08.2016;233;77799.0;124526.0;
21.08.2016;234;76118.0;109852.0;
22.08.2016;235;71828.0;115447.0;
23.08.2016;236;69181.0;118843.0;
24.08.2016;237;71962.0;127936.0;
25.08.2016;238;78929.0;138167.0;
26.08.2016;239;83966.0;142505.0;
27.08.2016;240;79039.0;129331.0;
28.08.2016;241;75651.0;129443.0;
29.08.2016;242;79165.0;141520.0;
30.08.2016;243;79199.0;136893.0;
31.08.2016;244;79367.0;132624.0;
01.09.2016;245;78792.0;112675.0;
02.09.2016;246;69820.0;104538.0;
03.09.2016;247;65002.0;92756.0;
04.09.2016;248;61826.0;96574.0;
05.09.2016;249;62322.0;111925.0;
06.09.2016;250;72181.0;135533.0;
07.09.2016;251;81616.0;140748.0;
08.09.2016;252;84607.0;142089.0;
09.09.2016;253;87136.0;138559.0;
10.09.2016;254;81771.0;128206.0;
11.09.2016;255;75989.0;104159.0;
12.09.2016;256;66807.0;112345.0;
13.09.2016;257;68857.0;121742.0;
14.09.2016;258;72040.0;123383.0;
15.09.2016;259;71389.0;105330.0;
16.09.2016;260;67343.0;107549.0;
17.09.2016;261;68067.0;100436.0;
18.09.2016;262;67060.0;108387.0;
19.09.2016;263;74309.0;112862.0;
20.09.2016;264;71183.0;117622.0;
21.09.2016;265;71427.0;114841.0;
22.09.2016;266;69735.0;119702.0;
23.09.2016;267;70668.0;121635.0;
24.09.2016;268;69268.0;94162.0;
25.09.2016;269;61316.0;91593.0;
26.09.2016;270;63618.0;91334.0;
27.09.2016;271;64087.0;92749.0;
28.09.2016;272;63301.0;91070.0;
29.09.2016;273;63866.0;89804.0;
30.09.2016;274;63534.0;87324.0;
01.10.2016;275;61388.0;80404.0;
02.10.2016;276;58643.0;82852.0;
03.10.2016;277;61118.0;91447.0;
04.10.2016;278;62552.0;92188.0;
05.10.2016;279;62982.0;92599.0;
06.10.2016;280;63170.0;93916.0;
07.10.2016;281;63940.0;90589.0;
08.10.2016;282;61522.0;79069.0;
09.10.2016;283;57750.0;78403.0;
10.10.2016;284;59983.0;87293.0;
11.10.2016;285;63336.0;87816.0;
12.10.2016;286;63497.0;88503.0;
13.10.2016;287;62341.0;87403.0;
14.10.2016;288;63052.0;83136.0;
15.10.2016;289;61445.0;78859.0;
16.10.2016;290;58976.0;84027.0;
17.10.2016;291;61796.0;99461.0;
18.10.2016;292;65780.0;100982.0;
19.10.2016;293;66633.0;102607.0;
20.10.2016;294;65516.0;96141.0;
21.10.2016;295;65584.0;90030.0;
22.10.2016;296;61271.0;79440.0;
23.10.2016;297;61965.0;80636.0;
24.10.2016;298;60942.0;88102.0;
25.10.2016;299;64882.0;89842.0;
26.10.2016;300;67984.0;90987.0;
27.10.2016;301;66546.0;90083.0;
28.10.2016;302;65437.0;86120.0;
29.10.2016;303;65138.0;79979.0;
30.10.2016;304;58625.0;82750.0;
31.10.2016;305;60978.0;85435.0;
01.11.2016;306;65878.0;91081.0;
02.11.2016;307;64250.0;91289.0;
03.11.2016;308;62934.0;89108.0;
04.11.2016;309;62346.0;84112.0;
05.11.2016;310;64867.0;79005.0;
06.11.2016;311;62250.0;81550.0;
07.11.2016;312;64672.0;91144.0;
08.11.2016;313;68917.0;90493.0;
09.11.2016;314;65196.0;92056.0;
10.11.2016;315;69395.0;90879.0;
11.11.2016;316;68270.0;88030.0;
12.11.2016;317;69253.0;85464.0;
13.11.2016;318;72511.0;85187.0;
14.11.2016;319;72004.0;95178.0;
15.11.2016;320;70455.0;92222.0;
16.11.2016;321;70413.0;92247.0;
17.11.2016;322;69904.0;91354.0;
18.11.2016;323;69015.0;89309.0;
19.11.2016;324;64977.0;87578.0;
20.11.2016;325;71915.0;97144.0;
21.11.2016;326;79161.0;105166.0;
22.11.2016;327;82283.0;102804.0;
23.11.2016;328;81149.0;99798.0;
24.11.2016;329;68499.0;83578.0;
25.11.2016;330;64052.0;85499.0;
26.11.2016;331;66150.0;87887.0;
27.11.2016;332;72396.0;91325.0;
28.11.2016;333;75273.0;99013.0;
29.11.2016;334;69768.0;94179.0;
30.11.2016;335;66485.0;94842.0;
01.12.2016;336;68493.0;98951.0;
02.12.2016;337;75313.0;98770.0;
03.12.2016;338;74587.0;93595.0;
04.12.2016;339;73314.0;96586.0;
05.12.2016;340;74433.0;102190.0;
06.12.2016;341;76852.0;106015.0;
07.12.2016;342;77675.0;104366.0;
08.12.2016;343;81466.0;111579.0;
09.12.2016;344;88667.0;112915.0;
10.12.2016;345;89595.0;106964.0;
11.12.2016;346;86775.0;105694.0;
12.12.2016;347;79624.0;107639.0;
13.12.2016;348;82898.0;109877.0;
14.12.2016;349;84066.0;113568.0;
15.12.2016;350;91298.0;131022.0;
16.12.2016;351;107079.0;126139.0;
17.12.2016;352;91150.0;104970.0;
18.12.2016;353;75952.0;105210.0;
19.12.2016;354;88485.0;119828.0;
20.12.2016;355;96836.0;119908.0;
21.12.2016;356;93163.0;113558.0;
22.12.2016;357;83757.0;104523.0;
23.12.2016;358;82948.0;100598.0;
24.12.2016;359;73545.0;89505.0;
25.12.2016;360;70321.0;83924.0;
26.12.2016;361;70301.0;91394.0;
27.12.2016;362;67979.0;95615.0;
28.12.2016;363;74735.0;100663.0;
29.12.2016;364;78637.0;102682.0;
30.12.2016;365;80743.0;104400.0;
31.12.2016;366;83793.0;97008.0;
01.01.2017;1;73592.0;88457.0;
02.01.2017;2;71471.0;96564.0;
03.01.2017;3;72471.0;101493.0;
04.01.2017;4;75195.0;109624.0;
05.01.2017;5;88940.0;116792.0;
06.01.2017;6;92409.0;118334.0;
07.01.2017;7;98253.0;121097.0;
08.01.2017;8;104441.0;123179.0;
09.01.2017;9;107536.0;127542.0;
10.01.2017;10;97895.0;118543.0;
11.01.2017;11;82940.0;103051.0;
12.01.2017;12;73616.0;96467.0;
13.01.2017;13;72523.0;100374.0;
14.01.2017;14;78744.0;99793.0;
15.01.2017;15;78315.0;96898.0;
16.01.2017;16;80344.0;103748.0;
17.01.2017;17;76730.0;100003.0;
18.01.2017;18;73538.0;100594.0;
19.01.2017;19;76670.0;99730.0;
20.01.2017;20;78130.0;97737.0;
21.01.2017;21;70692.0;86527.0;
22.01.2017;22;66200.0;88546.0;
23.01.2017;23;69012.0;104000.0;
24.01.2017;24;78035.0;103146.0;
25.01.2017;25;78170.0;99476.0;
26.01.2017;26;73408.0;103064.0;
27.01.2017;27;80239.0;106105.0;
28.01.2017;28;83855.0;97580.0;
29.01.2017;29;79435.0;100097.0;
30.01.2017;30;83308.0;112215.0;
31.01.2017;31;89637.0;108805.0;
01.02.2017;32;80422.0;102121.0;
02.02.2017;33;80547.0;105944.0;
03.02.2017;34;87273.0;109737.0;
04.02.2017;35;90255.0;105499.0;
05.02.2017;36;83526.0;93271.0;
06.02.2017;37;79356.0;103453.0;
07.02.2017;38;72076.0;95126.0;
08.02.2017;39;69085.0;95991.0;
09.02.2017;40;75810.0;115834.0;
10.02.2017;41;94609.0;115759.0;
11.02.2017;42;79408.0;89825.0;
12.02.2017;43;68062.0;91308.0;
13.02.2017;44;75934.0;102989.0;
14.02.2017;45;84185.0;105022.0;
15.02.2017;46;78495.0;104564.0;
16.02.2017;47;84677.0;107408.0;
17.02.2017;48;85556.0;106097.0;
18.02.2017;49;73498.0;85201.0;
19.02.2017;50;63578.0;80833.0;
20.02.2017;51;66641.0;90419.0;
21.02.2017;52;69963.0;92591.0;
22.02.2017;53;69233.0;90286.0;
23.02.2017;54;66735.0;88726.0;
24.02.2017;55;64530.0;85954.0;
25.02.2017;56;61859.0;85462.0;
26.02.2017;57;71167.0;91196.0;
27.02.2017;58;77167.0;98348.0;
28.02.2017;59;72574.0;91923.0;
01.03.2017;60;65608.0;91346.0;
02.03.2017;61;70308.0;99243.0;
03.03.2017;62;80326.0;102686.0;
04.03.2017;63;83894.0;96514.0;
05.03.2017;64;79389.0;93891.0;
06.03.2017;65;79535.0;99191.0;
07.03.2017;66;70666.0;91914.0;
08.03.2017;67;69032.0;90606.0;
09.03.2017;68;70605.0;90031.0;
10.03.2017;69;70415.0;100972.0;
11.03.2017;70;86038.0;98730.0;
12.03.2017;71;84015.0;99894.0;
13.03.2017;72;86539.0;111557.0;
14.03.2017;73;85447.0;110939.0;
15.03.2017;74;95077.0;117790.0;
16.03.2017;75;93715.0;115204.0;
17.03.2017;76;87488.0;109792.0;
18.03.2017;77;76752.0;90742.0;
19.03.2017;78;73902.0;89940.0;
20.03.2017;79;76432.0;101214.0;
21.03.2017;80;71796.0;92994.0;
22.03.2017;81;71934.0;99301.0;
23.03.2017;82;84220.0;108605.0;
24.03.2017;83;77402.0;97382.0;
25.03.2017;84;63714.0;78817.0;
26.03.2017;85;60748.0;83431.0;
27.03.2017;86;65726.0;87901.0;
28.03.2017;87;64570.0;88631.0;
29.03.2017;88;66587.0;87479.0;
30.03.2017;89;67908.0;90268.0;
31.03.2017;90;68773.0;91957.0;
01.04.2017;91;67623.0;81691.0;
02.04.2017;92;67013.0;79992.0;
03.04.2017;93;64905.0;86964.0;
04.04.2017;94;64531.0;87669.0;
05.04.2017;95;64360.0;87708.0;
06.04.2017;96;64476.0;91349.0;
07.04.2017;97;71744.0;93247.0;
08.04.2017;98;71218.0;82993.0;
09.04.2017;99;65540.0;78466.0;
10.04.2017;100;61689.0;87267.0;
11.04.2017;101;62096.0;89759.0;
12.04.2017;102;63639.0;86875.0;
13.04.2017;103;62886.0;83421.0;
14.04.2017;104;61314.0;78379.0;
15.04.2017;105;58013.0;78883.0;
16.04.2017;106;57347.0;80393.0;
17.04.2017;107;60134.0;86079.0;
18.04.2017;108;61732.0;85533.0;
19.04.2017;109;62226.0;86771.0;
20.04.2017;110;63169.0;90576.0;
21.04.2017;111;63088.0;86687.0;
22.04.2017;112;61301.0;76786.0;
23.04.2017;113;60618.0;77783.0;
24.04.2017;114;61362.0;85689.0;
25.04.2017;115;63252.0;87114.0;
26.04.2017;116;63208.0;89622.0;
27.04.2017;117;63107.0;90198.0;
28.04.2017;118;63116.0;93063.0;
29.04.2017;119;63389.0;92576.0;
30.04.2017;120;62729.0;89681.0;
01.05.2017;121;64668.0;92887.0;
02.05.2017;122;65699.0;87320.0;
03.05.2017;123;63373.0;83749.0;
04.05.2017;124;62787.0;84646.0;
05.05.2017;125;63808.0;86855.0;
06.05.2017;126;62481.0;76012.0;
07.05.2017;127;61025.0;77099.0;
08.05.2017;128;64082.0;84227.0;
09.05.2017;129;65783.0;84324.0;
10.05.2017;130;63624.0;86616.0;
11.05.2017;131;63147.0;85279.0;
12.05.2017;132;63147.0;83442.0;
13.05.2017;133;61892.0;76597.0;
14.05.2017;134;59595.0;78203.0;
15.05.2017;135;60223.0;89303.0;
16.05.2017;136;62681.0;100957.0;
17.05.2017;137;66583.0;118304.0;
18.05.2017;138;74084.0;123726.0;
19.05.2017;139;73972.0;116272.0;
20.05.2017;140;65952.0;84039.0;
21.05.2017;141;59205.0;80625.0;
22.05.2017;142;61525.0;88443.0;
23.05.2017;143;63117.0;87024.0;
24.05.2017;144;63179.0;86227.0;
25.05.2017;145;63286.0;87084.0;
26.05.2017;146;62751.0;87338.0;
27.05.2017;147;60172.0;83567.0;
28.05.2017;148;58962.0;80993.0;
29.05.2017;149;59297.0;86900.0;
30.05.2017;150;61884.0;94931.0;
31.05.2017;151;64100.0;98992.0;
01.06.2017;152;64500.0;101628.0;
02.06.2017;153;64317.0;100218.0;
03.06.2017;154;61623.0;94492.0;
04.06.2017;155;61437.0;100382.0;
05.06.2017;156;68617.0;99922.0;
06.06.2017;157;65393.0;94407.0;
07.06.2017;158;63674.0;87378.0;
08.06.2017;159;62670.0;91354.0;
09.06.2017;160;63299.0;101788.0;
10.06.2017;161;64183.0;109429.0;
11.06.2017;162;66467.0;123585.0;
12.06.2017;163;77562.0;140953.0;
13.06.2017;164;83251.0;138608.0;
14.06.2017;165;82536.0;130775.0;
15.06.2017;166;76445.0;124139.0;
16.06.2017;167;75562.0;119172.0;
17.06.2017;168;73540.0;115828.0;
18.06.2017;169;74868.0;118791.0;
19.06.2017;170;80399.0;124564.0;
20.06.2017;171;72617.0;114957.0;
21.06.2017;172;71825.0;119989.0;
22.06.2017;173;75101.0;130002.0;
23.06.2017;174;83202.0;120022.0;
24.06.2017;175;75570.0;108708.0;
25.06.2017;176;65269.0;99759.0;
26.06.2017;177;65733.0;103532.0;
27.06.2017;178;66530.0;101561.0;
28.06.2017;179;65151.0;104767.0;
29.06.2017;180;68426.0;124305.0;
30.06.2017;181;76948.0;130514.0;
01.07.2017;182;76618.0;116582.0;
02.07.2017;183;70104.0;120150.0;
03.07.2017;184;73694.0;125833.0;
04.07.2017;185;71796.0;115731.0;
05.07.2017;186;72631.0;124805.0;
06.07.2017;187;77211.0;117644.0;
07.07.2017;188;78009.0;123321.0;
08.07.2017;189;71566.0;112276.0;
09.07.2017;190;64925.0;110162.0;
10.07.2017;191;71918.0;124736.0;
11.07.2017;192;79470.0;130274.0;
12.07.2017;193;83616.0;135618.0;
13.07.2017;194;87936.0;135396.0;
14.07.2017;195;84612.0;125779.0;
15.07.2017;196;74662.0;116033.0;
16.07.2017;197;68812.0;117191.0;
17.07.2017;198;75368.0;130713.0;
18.07.2017;199;78384.0;138613.0;
19.07.2017;200;83509.0;145637.0;
20.07.2017;201;87296.0;145329.0;
21.07.2017;202;89561.0;141870.0;
22.07.2017;203;86112.0;126909.0;
23.07.2017;204;79602.0;120877.0;
24.07.2017;205;78779.0;125203.0;
25.07.2017;206;75153.0;114236.0;
26.07.2017;207;71108.0;121767.0;
27.07.2017;208;76604.0;122717.0;
28.07.2017;209;78295.0;118105.0;
29.07.2017;210;70622.0;93709.0;
30.07.2017;211;62455.0;106155.0;
31.07.2017;212;68761.0;128773.0;
01.08.2017;213;74598.0;132124.0;
02.08.2017;214;78154.0;128863.0;
03.08.2017;215;76264.0;131728.0;
04.08.2017;216;76946.0;120011.0;
05.08.2017;217;71523.0;98337.0;
06.08.2017;218;63368.0;93410.0;
07.08.2017;219;68663.0;101824.0;
08.08.2017;220;69478.0;109791.0;
09.08.2017;221;68288.0;117880.0;
10.08.2017;222;70232.0;117436.0;
11.08.2017;223;72805.0;114413.0;
12.08.2017;224;71225.0;105600.0;
13.08.2017;225;67359.0;106896.0;
14.08.2017;226;69772.0;114261.0;
15.08.2017;227;75576.0;121346.0;
16.08.2017;228;75869.0;134726.0;
17.08.2017;229;79834.0;132665.0;
18.08.2017;230;83259.0;132962.0;
19.08.2017;231;76612.0;121684.0;
20.08.2017;232;69020.0;119745.0;
21.08.2017;233;76736.0;133394.0;
22.08.2017;234;82907.0;135561.0;
23.08.2017;235;80124.0;116921.0;
24.08.2017;236;70098.0;106986.0;
25.08.2017;237;67439.0;101825.0;
26.08.2017;238;64363.0;93143.0;
27.08.2017;239;61828.0;92598.0;
28.08.2017;240;65676.0;100529.0;
29.08.2017;241;67648.0;96619.0;
30.08.2017;242;66029.0;105822.0;
31.08.2017;243;68540.0;108623.0;
01.09.2017;244;67128.0;85969.0;
02.09.2017;245;59923.0;77731.0;
03.09.2017;246;58982.0;83105.0;
04.09.2017;247;59402.0;97822.0;
05.09.2017;248;66588.0;109435.0;
06.09.2017;249;67760.0;91037.0;
07.09.2017;250;63498.0;88318.0;
08.09.2017;251;62577.0;87281.0;
09.09.2017;252;60667.0;78552.0;
10.09.2017;253;57818.0;81223.0;
11.09.2017;254;60456.0;89129.0;
12.09.2017;255;62796.0;93340.0;
13.09.2017;256;65141.0;98671.0;
14.09.2017;257;67489.0;102051.0;
15.09.2017;258;67825.0;108968.0;
16.09.2017;259;67061.0;105180.0;
17.09.2017;260;65731.0;105249.0;
18.09.2017;261;68672.0;108840.0;
19.09.2017;262;70337.0;109592.0;
20.09.2017;263;70137.0;122632.0;
21.09.2017;264;72898.0;127501.0;
22.09.2017;265;74486.0;122201.0;
23.09.2017;266;69022.0;118161.0;
24.09.2017;267;66637.0;121678.0;
25.09.2017;268;72459.0;132050.0;
26.09.2017;269;74422.0;128346.0;
27.09.2017;270;74940.0;125572.0;
28.09.2017;271;72666.0;101786.0;
29.09.2017;272;63327.0;88795.0;
30.09.2017;273;60261.0;76258.0;
01.10.2017;274;57583.0;79371.0;
02.10.2017;275;59998.0;90770.0;
03.10.2017;276;62705.0;94050.0;
04.10.2017;277;64222.0;95938.0;
05.10.2017;278;64794.0;97054.0;
06.10.2017;279;66119.0;98772.0;
07.10.2017;280;64408.0;96529.0;
08.10.2017;281;67069.0;95849.0;
09.10.2017;282;70633.0;109016.0;
10.10.2017;283;70843.0;108198.0;
11.10.2017;284;69451.0;97145.0;
12.10.2017;285;65630.0;89050.0;
13.10.2017;286;63800.0;86560.0;
14.10.2017;287;61201.0;83933.0;
15.10.2017;288;60975.0;86309.0;
16.10.2017;289;62183.0;86716.0;
17.10.2017;290;63356.0;87393.0;
18.10.2017;291;64776.0;87501.0;
19.10.2017;292;63679.0;87415.0;
20.10.2017;293;62646.0;84918.0;
21.10.2017;294;60435.0;79286.0;
22.10.2017;295;58252.0;82058.0;
23.10.2017;296;60443.0;91046.0;
24.10.2017;297;64421.0;91041.0;
25.10.2017;298;64246.0;88590.0;
26.10.2017;299;66523.0;88367.0;
27.10.2017;300;67829.0;88616.0;
28.10.2017;301;63734.0;81333.0;
29.10.2017;302;62918.0;85336.0;
30.10.2017;303;67491.0;92637.0;
31.10.2017;304;70041.0;91472.0;
01.11.2017;305;71008.0;92499.0;
02.11.2017;306;66449.0;89656.0;
03.11.2017;307;63993.0;86199.0;
04.11.2017;308;63200.0;80196.0;
05.11.2017;309;59864.0;82217.0;
06.11.2017;310;62061.0;91762.0;
07.11.2017;311;66423.0;96876.0;
08.11.2017;312;72330.0;96055.0;
09.11.2017;313;73599.0;94447.0;
10.11.2017;314;73402.0;101778.0;
11.11.2017;315;84940.0;95713.0;
12.11.2017;316;79256.0;92221.0;
13.11.2017;317;73285.0;100337.0;
14.11.2017;318;76847.0;99445.0;
15.11.2017;319;78785.0;99448.0;
16.11.2017;320;72375.0;97670.0;
17.11.2017;321;75500.0;96638.0;
18.11.2017;322;75684.0;88414.0;
19.11.2017;323;66571.0;93602.0;
20.11.2017;324;77852.0;100617.0;
21.11.2017;325;79156.0;98919.0;
22.11.2017;326;72253.0;97561.0;
23.11.2017;327;76384.0;89294.0;
24.11.2017;328;75971.0;89213.0;
25.11.2017;329;71713.0;83404.0;
26.11.2017;330;68552.0;91152.0;
27.11.2017;331;75681.0;97266.0;
28.11.2017;332;76184.0;97973.0;
29.11.2017;333;72569.0;94712.0;
30.11.2017;334;73878.0;95953.0;
01.12.2017;335;72904.0;94391.0;
02.12.2017;336;78024.0;90316.0;
03.12.2017;337;73474.0;91850.0;
04.12.2017;338;76906.0;100536.0;
05.12.2017;339;71957.0;99483.0;
06.12.2017;340;74364.0;105139.0;
07.12.2017;341;80599.0;107584.0;
08.12.2017;342;84053.0;108813.0;
09.12.2017;343;84243.0;107248.0;
10.12.2017;344;84738.0;105227.0;
11.12.2017;345;83862.0;108615.0;
12.12.2017;346;82065.0;115236.0;
13.12.2017;347;96933.0;118816.0;
14.12.2017;348;89288.0;114858.0;
15.12.2017;349;92443.0;116486.0;
16.12.2017;350;88608.0;102398.0;
17.12.2017;351;82843.0;99522.0;
18.12.2017;352;77581.0;102611.0;
19.12.2017;353;75777.0;99228.0;
20.12.2017;354;73925.0;104178.0;
21.12.2017;355;83666.0;105343.0;
22.12.2017;356;79557.0;97079.0;
23.12.2017;357;70083.0;91131.0;
24.12.2017;358;72175.0;92219.0;
25.12.2017;359;77632.0;99600.0;
26.12.2017;360;86791.0;113351.0;
27.12.2017;361;93164.0;122226.0;
28.12.2017;362;105391.0;125611.0;
29.12.2017;363;103703.0;118258.0;
30.12.2017;364;96148.0;115573.0;
31.12.2017;365;101223.0;123907.0;
01.01.2018;1;110401.0;127414.0;
02.01.2018;2;112617.0;133114.0;
03.01.2018;3;113413.0;135146.0;
04.01.2018;4;103239.0;134404.0;
05.01.2018;5;116817.0;137466.0;
06.01.2018;6;118560.0;133031.0;
07.01.2018;7;111473.0;127356.0;
08.01.2018;8;102984.0;121229.0;
09.01.2018;9;90570.0;110960.0;
10.01.2018;10;90427.0;110792.0;
11.01.2018;11;79479.0;98628.0;
12.01.2018;12;71659.0;99257.0;
13.01.2018;13;79222.0;112280.0;
14.01.2018;14;101248.0;118001.0;
15.01.2018;15;105386.0;123110.0;
16.01.2018;16;97539.0;119170.0;
17.01.2018;17;97961.0;127005.0;
18.01.2018;18;105728.0;129511.0;
19.01.2018;19;96113.0;119280.0;
20.01.2018;20;82308.0;96186.0;
21.01.2018;21;76875.0;91626.0;
22.01.2018;22;71979.0;95936.0;
23.01.2018;23;71960.0;99913.0;
24.01.2018;24;79040.0;108836.0;
25.01.2018;25;87580.0;110695.0;
26.01.2018;26;90333.0;113386.0;
27.01.2018;27;80196.0;91676.0;
28.01.2018;28;69366.0;91034.0;
29.01.2018;29;75864.0;107070.0;
30.01.2018;30;86788.0;118120.0;
31.01.2018;31;97989.0;120139.0;
01.02.2018;32;85722.0;105393.0;
02.02.2018;33;86469.0;119159.0;
03.02.2018;34;96074.0;112672.0;
04.02.2018;35;84891.0;103695.0;
05.02.2018;36;88055.0;115335.0;
06.02.2018;37;94844.0;114110.0;
07.02.2018;38;89684.0;111751.0;
08.02.2018;39;91199.0;114741.0;
09.02.2018;40;93908.0;115198.0;
10.02.2018;41;81548.0;95143.0;
11.02.2018;42;74057.0;92887.0;
12.02.2018;43;74647.0;105127.0;
13.02.2018;44;87663.0;109783.0;
14.02.2018;45;83015.0;102134.0;
15.02.2018;46;72386.0;91769.0;
16.02.2018;47;67951.0;94663.0;
17.02.2018;48;78866.0;99429.0;
18.02.2018;49;78577.0;92090.0;
19.02.2018;50;78825.0;96161.0;
20.02.2018;51;70087.0;90280.0;
21.02.2018;52;66329.0;93620.0;
22.02.2018;53;69170.0;96189.0;
23.02.2018;54;73394.0;94090.0;
24.02.2018;55;69343.0;86062.0;
25.02.2018;56;66868.0;87513.0;
26.02.2018;57;70312.0;95067.0;
27.02.2018;58;78696.0;99689.0;
28.02.2018;59;74101.0;93081.0;
01.03.2018;60;69782.0;94763.0;
02.03.2018;61;75297.0;97377.0;
03.03.2018;62;78910.0;90124.0;
04.03.2018;63;76714.0;92178.0;
05.03.2018;64;80790.0;102557.0;
06.03.2018;65;82376.0;101398.0;
07.03.2018;66;79926.0;102375.0;
08.03.2018;67;83344.0;106554.0;
09.03.2018;68;87332.0;105714.0;
10.03.2018;69;81777.0;93223.0;
11.03.2018;70;78679.0;92001.0;
12.03.2018;71;79864.0;104417.0;
13.03.2018;72;85126.0;107275.0;
14.03.2018;73;87004.0;109382.0;
15.03.2018;74;86819.0;107444.0;
16.03.2018;75;81982.0;105032.0;
17.03.2018;76;83078.0;94826.0;
18.03.2018;77;74156.0;86234.0;
19.03.2018;78;74725.0;99782.0;
20.03.2018;79;76170.0;104600.0;
21.03.2018;80;85225.0;106576.0;
22.03.2018;81;85360.0;105906.0;
23.03.2018;82;82636.0;104881.0;
24.03.2018;83;80050.0;92758.0;
25.03.2018;84;78338.0;91303.0;
26.03.2018;85;80070.0;103185.0;
27.03.2018;86;77881.0;99242.0;
28.03.2018;87;74081.0;93030.0;
29.03.2018;88;68688.0;87811.0;
30.03.2018;89;65869.0;84565.0;
31.03.2018;90;70356.0;82376.0;
01.04.2018;91;65784.0;78879.0;
02.04.2018;92;68558.0;93119.0;
03.04.2018;93;73653.0;93981.0;
04.04.2018;94;70040.0;95426.0;
05.04.2018;95;79054.0;99455.0;
06.04.2018;96;76465.0;95159.0;
07.04.2018;97;70970.0;89275.0;
08.04.2018;98;76697.0;89550.0;
09.04.2018;99;76815.0;99880.0;
10.04.2018;100;78122.0;99019.0;
11.04.2018;101;77412.0;97386.0;
12.04.2018;102;71000.0;89554.0;
13.04.2018;103;63551.0;85368.0;
14.04.2018;104;62042.0;83341.0;
15.04.2018;105;61694.0;85271.0;
16.04.2018;106;68647.0;95755.0;
17.04.2018;107;76661.0;96990.0;
18.04.2018;108;77596.0;96269.0;
19.04.2018;109;69809.0;92074.0;
20.04.2018;110;76221.0;95182.0;
21.04.2018;111;71028.0;81311.0;
22.04.2018;112;63273.0;76380.0;
23.04.2018;113;63656.0;84869.0;
24.04.2018;114;61163.0;82491.0;
25.04.2018;115;65154.0;85090.0;
26.04.2018;116;64712.0;83367.0;
27.04.2018;117;63555.0;83734.0;
28.04.2018;118;62898.0;76817.0;
29.04.2018;119;62926.0;78832.0;
30.04.2018;120;67046.0;87564.0;
01.05.2018;121;64533.0;87938.0;
02.05.2018;122;62720.0;98854.0;
03.05.2018;123;67095.0;106560.0;
04.05.2018;124;69861.0;103787.0;
05.05.2018;125;64081.0;80783.0;
06.05.2018;126;58718.0;79539.0;
07.05.2018;127;60513.0;88318.0;
08.05.2018;128;62367.0;92377.0;
09.05.2018;129;63075.0;95830.0;
10.05.2018;130;64551.0;94984.0;
11.05.2018;131;63745.0;93797.0;
12.05.2018;132;62395.0;90547.0;
13.05.2018;133;60815.0;84195.0;
14.05.2018;134;63314.0;101580.0;
15.05.2018;135;67158.0;112403.0;
16.05.2018;136;68001.0;95505.0;
17.05.2018;137;65923.0;96224.0;
18.05.2018;138;65982.0;90562.0;
19.05.2018;139;62419.0;83401.0;
20.05.2018;140;61891.0;95468.0;
21.05.2018;141;65514.0;103636.0;
22.05.2018;142;67188.0;99349.0;
23.05.2018;143;66409.0;105183.0;
24.05.2018;144;65965.0;110714.0;
25.05.2018;145;66759.0;117972.0;
26.05.2018;146;70072.0;112474.0;
27.05.2018;147;69804.0;105621.0;
28.05.2018;148;67285.0;104879.0;
29.05.2018;149;70970.0;125830.0;
30.05.2018;150;77303.0;117801.0;
31.05.2018;151;74679.0;119958.0;
01.06.2018;152;75545.0;119485.0;
02.06.2018;153;71515.0;104665.0;
03.06.2018;154;66662.0;89082.0;
04.06.2018;155;63059.0;98446.0;
05.06.2018;156;65046.0;96288.0;
06.06.2018;157;64491.0;93362.0;
07.06.2018;158;64761.0;105313.0;
08.06.2018;159;67277.0;110614.0;
09.06.2018;160;67879.0;105664.0;
10.06.2018;161;66473.0;92492.0;
11.06.2018;162;66385.0;92666.0;
12.06.2018;163;65696.0;101492.0;
13.06.2018;164;70013.0;115676.0;
14.06.2018;165;72458.0;116424.0;
15.06.2018;166;69303.0;115005.0;
16.06.2018;167;68011.0;116271.0;
17.06.2018;168;70963.0;128033.0;
18.06.2018;169;83505.0;148453.0;
19.06.2018;170;89411.0;132401.0;
20.06.2018;171;78120.0;122721.0;
21.06.2018;172;76545.0;114292.0;
22.06.2018;173;75137.0;101789.0;
23.06.2018;174;67386.0;97705.0;
24.06.2018;175;67432.0;112945.0;
25.06.2018;176;71988.0;114077.0;
26.06.2018;177;70073.0;110723.0;
27.06.2018;178;71878.0;109814.0;
28.06.2018;179;75782.0;131082.0;
29.06.2018;180;78508.0;140125.0;
30.06.2018;181;79434.0;139172.0;
01.07.2018;182;79911.0;140520.0;
02.07.2018;183;86981.0;145155.0;
03.07.2018;184;87612.0;145670.0;
04.07.2018;185;84628.0;135324.0;
05.07.2018;186;86077.0;141437.0;
06.07.2018;187;87556.0;119902.0;
07.07.2018;188;68041.0;100807.0;
08.07.2018;189;62616.0;110408.0;
09.07.2018;190;69681.0;133479.0;
10.07.2018;191;78030.0;140378.0;
11.07.2018;192;81257.0;134352.0;
12.07.2018;193;76953.0;128806.0;
13.07.2018;194;76289.0;133548.0;
14.07.2018;195;75702.0;126390.0;
15.07.2018;196;76804.0;124745.0;
16.07.2018;197;83272.0;143330.0;
17.07.2018;198;87138.0;134556.0;
18.07.2018;199;76329.0;123755.0;
19.07.2018;200;72264.0;125832.0;
20.07.2018;201;76119.0;117051.0;
21.07.2018;202;71666.0;94547.0;
22.07.2018;203;67838.0;103592.0;
23.07.2018;204;75194.0;121535.0;
24.07.2018;205;79825.0;123625.0;
25.07.2018;206;80505.0;125390.0;
26.07.2018;207;78026.0;132425.0;
27.07.2018;208;78244.0;123793.0;
28.07.2018;209;71743.0;111939.0;
29.07.2018;210;67523.0;109568.0;
30.07.2018;211;72569.0;110213.0;
31.07.2018;212;73517.0;114415.0;
01.08.2018;213;77746.0;125601.0;
02.08.2018;214;79624.0;125534.0;
03.08.2018;215;97129.0;97129.0;
